2026-08-21T20:03:13.493488Z  INFO herdr::logging: herdr starting event="app.startup" subsystem="client" outcome="started" pid=3740282
2026-08-21T20:03:13.493569Z  INFO herdr::client: connecting to server path=/home/jtw/.config/herdr/herdr-client.sock
2026-08-21T20:03:13.495090Z  INFO herdr::client: handshake succeeded version=20 encoding=SemanticFrame
2026-08-21T20:08:19.282557Z  INFO herdr::logging: herdr exiting event="app.shutdown" subsystem="client" outcome="completed" pid=3740282
2026-08-21T20:08:25.004883Z  INFO herdr::logging: herdr starting event="app.startup" subsystem="client" outcome="started" pid=3758589
2026-08-21T20:08:25.005060Z  INFO herdr::client: connecting to server path=/home/jtw/.config/herdr/herdr-client.sock
2026-08-21T20:08:25.020433Z  INFO herdr::client: handshake succeeded version=20 encoding=SemanticFrame
2026-08-21T20:09:00.923405Z  INFO herdr::logging: herdr exiting event="app.shutdown" subsystem="client" outcome="completed" pid=3758589
2026-08-21T20:09:06.734279Z  INFO herdr::logging: herdr starting event="app.startup" subsystem="client" outcome="started" pid=3760252
2026-08-21T20:09:06.734316Z  INFO herdr::client: connecting to server path=/home/jtw/.config/herdr/herdr-client.sock
2026-08-21T20:09:06.736798Z  INFO herdr::client: handshake succeeded version=20 encoding=SemanticFrame
2026-08-21T20:09:49.827070Z  INFO herdr::logging: herdr exiting event="app.shutdown" subsystem="client" outcome="completed" pid=3760252
2026-08-21T20:09:55.273610Z  INFO herdr::logging: herdr starting event="app.startup" subsystem="client" outcome="started" pid=3762305
2026-08-21T20:09:55.273630Z  INFO herdr::client: connecting to server path=/home/jtw/.config/herdr/herdr-client.sock
2026-08-21T20:09:55.275757Z  INFO herdr::client: handshake succeeded version=20 encoding=SemanticFrame
2026-08-21T20:10:03.849433Z  INFO herdr::logging: herdr starting event="app.startup" subsystem="client" outcome="started" pid=3762799
2026-08-21T20:10:03.849482Z  INFO herdr::client: connecting to server path=/home/jtw/.config/herdr/herdr-client.sock
2026-08-21T20:10:04.040908Z  INFO herdr::client: handshake succeeded version=20 encoding=SemanticFrame
2026-08-21T20:10:11.688222Z  INFO herdr::logging: herdr exiting event="app.shutdown" subsystem="client" outcome="completed" pid=3762799
2026-08-21T20:11:59.110641Z  INFO herdr::logging: herdr exiting event="app.shutdown" subsystem="client" outcome="completed" pid=3762305
2026-08-21T20:13:48.328287Z  INFO herdr::logging: herdr starting event="app.startup" subsystem="client" outcome="started" pid=3770208
2026-08-21T20:13:48.328362Z  INFO herdr::client: connecting to server path=/home/jtw/.config/herdr/herdr-client.sock
2026-08-21T20:13:48.344450Z  INFO herdr::client: handshake succeeded version=20 encoding=SemanticFrame
2026-08-21T20:16:39.130345Z  INFO herdr::logging: herdr exiting event="app.shutdown" subsystem="client" outcome="completed" pid=3770208
2026-08-21T20:17:40.401866Z  INFO herdr::logging: herdr starting event="app.startup" subsystem="client" outcome="started" pid=3799670
2026-08-21T20:17:40.401912Z  INFO herdr::client: connecting to server path=/home/jtw/.config/herdr/herdr-client.sock
2026-08-21T20:17:40.437155Z  INFO herdr::client: handshake succeeded version=20 encoding=SemanticFrame
2026-08-21T20:21:33.984198Z  WARN herdr::raw_input: flushing lone escape after input timeout; if this follows an alt chord or focus switch it may reach the pane as plain esc bytes=[27]
2026-08-21T20:21:33.984467Z  WARN herdr::raw_input: flushing lone escape after input timeout; if this follows an alt chord or focus switch it may reach the pane as plain esc bytes=[27]
2026-08-21T20:21:43.712711Z  INFO herdr::logging: herdr exiting event="app.shutdown" subsystem="client" outcome="completed" pid=3799670
2026-08-21T20:21:50.256682Z  INFO herdr::logging: herdr starting event="app.startup" subsystem="client" outcome="started" pid=3800495
2026-08-21T20:21:50.256776Z  INFO herdr::client: connecting to server path=/home/jtw/.config/herdr/herdr-client.sock
2026-08-21T20:21:50.266767Z  INFO herdr::client: handshake succeeded version=20 encoding=SemanticFrame
2026-08-21T20:22:47.553638Z  INFO herdr::logging: herdr exiting event="app.shutdown" subsystem="client" outcome="completed" pid=3800495
2026-08-21T20:22:51.952142Z  INFO herdr::logging: herdr starting event="app.startup" subsystem="client" outcome="started" pid=3801155
2026-08-21T20:22:51.952270Z  INFO herdr::client: connecting to server path=/home/jtw/.config/herdr/herdr-client.sock
2026-08-21T20:22:52.091648Z  INFO herdr::client: handshake succeeded version=20 encoding=SemanticFrame
2026-08-21T20:23:35.606979Z  WARN herdr::raw_input: flushing lone escape after input timeout; if this follows an alt chord or focus switch it may reach the pane as plain esc bytes=[27]
2026-08-21T20:23:35.607292Z  WARN herdr::raw_input: flushing lone escape after input timeout; if this follows an alt chord or focus switch it may reach the pane as plain esc bytes=[27]
2026-08-21T20:23:35.909713Z  WARN herdr::raw_input: flushing lone escape after input timeout; if this follows an alt chord or focus switch it may reach the pane as plain esc bytes=[27]
2026-08-21T20:23:35.910009Z  WARN herdr::raw_input: flushing lone escape after input timeout; if this follows an alt chord or focus switch it may reach the pane as plain esc bytes=[27]
2026-08-21T20:46:20.346399Z  WARN herdr::raw_input: flushing lone escape after input timeout; if this follows an alt chord or focus switch it may reach the pane as plain esc bytes=[27]
2026-08-21T20:46:20.346563Z  WARN herdr::raw_input: flushing lone escape after input timeout; if this follows an alt chord or focus switch it may reach the pane as plain esc bytes=[27]
2026-08-21T20:46:20.544169Z  WARN herdr::raw_input: flushing lone escape after input timeout; if this follows an alt chord or focus switch it may reach the pane as plain esc bytes=[27]
2026-08-21T20:46:20.544275Z  WARN herdr::raw_input: flushing lone escape after input timeout; if this follows an alt chord or focus switch it may reach the pane as plain esc bytes=[27]
2026-08-21T21:06:06.835570Z  WARN herdr::raw_input: flushing lone escape after input timeout; if this follows an alt chord or focus switch it may reach the pane as plain esc bytes=[27]
2026-08-21T21:06:06.835745Z  WARN herdr::raw_input: flushing lone escape after input timeout; if this follows an alt chord or focus switch it may reach the pane as plain esc bytes=[27]
2026-08-21T21:07:48.318618Z  WARN herdr::raw_input: flushing lone escape after input timeout; if this follows an alt chord or focus switch it may reach the pane as plain esc bytes=[27]
2026-08-21T21:07:48.318783Z  WARN herdr::raw_input: flushing lone escape after input timeout; if this follows an alt chord or focus switch it may reach the pane as plain esc bytes=[27]
2026-08-21T21:09:10.955912Z  WARN herdr::raw_input: flushing lone escape after input timeout; if this follows an alt chord or focus switch it may reach the pane as plain esc bytes=[27]
2026-08-21T21:09:10.956027Z  WARN herdr::raw_input: flushing lone escape after input timeout; if this follows an alt chord or focus switch it may reach the pane as plain esc bytes=[27]
2026-08-22T00:23:00.849309Z  WARN herdr::raw_input: flushing lone escape after input timeout; if this follows an alt chord or focus switch it may reach the pane as plain esc bytes=[27]
2026-08-22T00:23:00.849834Z  WARN herdr::raw_input: flushing lone escape after input timeout; if this follows an alt chord or focus switch it may reach the pane as plain esc bytes=[27]
2026-08-22T00:30:12.964000Z  WARN herdr::raw_input: flushing lone escape after input timeout; if this follows an alt chord or focus switch it may reach the pane as plain esc bytes=[27]
2026-08-22T00:30:12.964076Z  WARN herdr::raw_input: flushing lone escape after input timeout; if this follows an alt chord or focus switch it may reach the pane as plain esc bytes=[27]
2026-08-22T00:30:13.164156Z  WARN herdr::raw_input: flushing lone escape after input timeout; if this follows an alt chord or focus switch it may reach the pane as plain esc bytes=[27]
2026-08-22T00:30:13.164245Z  WARN herdr::raw_input: flushing lone escape after input timeout; if this follows an alt chord or focus switch it may reach the pane as plain esc bytes=[27]
2026-08-22T00:31:01.718181Z  WARN herdr::raw_input: flushing lone escape after input timeout; if this follows an alt chord or focus switch it may reach the pane as plain esc bytes=[27]
2026-08-22T00:31:01.718257Z  WARN herdr::raw_input: flushing lone escape after input timeout; if this follows an alt chord or focus switch it may reach the pane as plain esc bytes=[27]
2026-08-22T00:31:01.905372Z  WARN herdr::raw_input: flushing lone escape after input timeout; if this follows an alt chord or focus switch it may reach the pane as plain esc bytes=[27]
2026-08-22T00:31:01.905502Z  WARN herdr::raw_input: flushing lone escape after input timeout; if this follows an alt chord or focus switch it may reach the pane as plain esc bytes=[27]
2026-08-22T00:31:02.063192Z  WARN herdr::raw_input: flushing lone escape after input timeout; if this follows an alt chord or focus switch it may reach the pane as plain esc bytes=[27]
2026-08-22T00:31:02.063298Z  WARN herdr::raw_input: flushing lone escape after input timeout; if this follows an alt chord or focus switch it may reach the pane as plain esc bytes=[27]
2026-08-22T00:31:02.663203Z  WARN herdr::raw_input: flushing lone escape after input timeout; if this follows an alt chord or focus switch it may reach the pane as plain esc bytes=[27]
2026-08-22T00:31:02.663318Z  WARN herdr::raw_input: flushing lone escape after input timeout; if this follows an alt chord or focus switch it may reach the pane as plain esc bytes=[27]
2026-08-22T00:34:12.669050Z  WARN herdr::raw_input: flushing lone escape after input timeout; if this follows an alt chord or focus switch it may reach the pane as plain esc bytes=[27]
2026-08-22T00:34:12.819201Z  WARN herdr::raw_input: flushing lone escape after input timeout; if this follows an alt chord or focus switch it may reach the pane as plain esc bytes=[27]
2026-08-22T00:34:12.819343Z  WARN herdr::raw_input: flushing lone escape after input timeout; if this follows an alt chord or focus switch it may reach the pane as plain esc bytes=[27]
2026-08-22T00:44:28.551680Z  WARN herdr::raw_input: flushing lone escape after input timeout; if this follows an alt chord or focus switch it may reach the pane as plain esc bytes=[27]
2026-08-22T00:44:28.551762Z  WARN herdr::raw_input: flushing lone escape after input timeout; if this follows an alt chord or focus switch it may reach the pane as plain esc bytes=[27]
2026-08-22T01:43:50.897582Z  WARN herdr::raw_input: flushing lone escape after input timeout; if this follows an alt chord or focus switch it may reach the pane as plain esc bytes=[27]
2026-08-22T01:43:50.897840Z  WARN herdr::raw_input: flushing lone escape after input timeout; if this follows an alt chord or focus switch it may reach the pane as plain esc bytes=[27]
2026-08-22T01:43:53.812286Z  WARN herdr::raw_input: flushing lone escape after input timeout; if this follows an alt chord or focus switch it may reach the pane as plain esc bytes=[27]
2026-08-22T01:43:53.812360Z  WARN herdr::raw_input: flushing lone escape after input timeout; if this follows an alt chord or focus switch it may reach the pane as plain esc bytes=[27]
2026-08-22T02:31:09.531041Z  WARN herdr::raw_input: flushing lone escape after input timeout; if this follows an alt chord or focus switch it may reach the pane as plain esc bytes=[27]
2026-08-22T02:31:09.532961Z  WARN herdr::raw_input: flushing lone escape after input timeout; if this follows an alt chord or focus switch it may reach the pane as plain esc bytes=[27]
2026-08-22T02:31:09.751341Z  WARN herdr::raw_input: flushing lone escape after input timeout; if this follows an alt chord or focus switch it may reach the pane as plain esc bytes=[27]
2026-08-22T02:31:09.751412Z  WARN herdr::raw_input: flushing lone escape after input timeout; if this follows an alt chord or focus switch it may reach the pane as plain esc bytes=[27]
2026-08-22T02:31:26.830809Z  INFO herdr::logging: herdr exiting event="app.shutdown" subsystem="client" outcome="completed" pid=3801155
2026-08-22T02:32:03.414734Z  INFO herdr::logging: herdr starting event="app.startup" subsystem="client" outcome="started" pid=2206224
2026-08-22T02:32:03.414783Z  INFO herdr::client: connecting to server path=/home/jtw/.config/herdr/herdr-client.sock
2026-08-22T02:32:03.432913Z  INFO herdr::client: handshake succeeded version=20 encoding=SemanticFrame
2026-08-22T02:34:24.165903Z  WARN herdr::raw_input: flushing lone escape after input timeout; if this follows an alt chord or focus switch it may reach the pane as plain esc bytes=[27]
2026-08-22T02:34:24.166086Z  WARN herdr::raw_input: flushing lone escape after input timeout; if this follows an alt chord or focus switch it may reach the pane as plain esc bytes=[27]
2026-08-22T02:34:24.593314Z  WARN herdr::raw_input: flushing lone escape after input timeout; if this follows an alt chord or focus switch it may reach the pane as plain esc bytes=[27]
2026-08-22T02:34:24.593677Z  WARN herdr::raw_input: flushing lone escape after input timeout; if this follows an alt chord or focus switch it may reach the pane as plain esc bytes=[27]
2026-08-22T02:35:59.126759Z  INFO herdr::logging: herdr exiting event="app.shutdown" subsystem="client" outcome="completed" pid=2206224
2026-08-24T08:09:34.005779Z  INFO herdr::logging: herdr starting event="app.startup" subsystem="client" outcome="started" pid=457
2026-08-24T08:09:34.007024Z  INFO herdr::client: connecting to server path=/home/jtw/.config/herdr/herdr-client.sock
2026-08-24T08:09:34.012480Z  INFO herdr::client: handshake succeeded version=20 encoding=SemanticFrame
2026-08-24T08:12:59.750409Z  WARN herdr::raw_input: flushing lone escape after input timeout; if this follows an alt chord or focus switch it may reach the pane as plain esc bytes=[27]
2026-08-24T08:12:59.750654Z  WARN herdr::raw_input: flushing lone escape after input timeout; if this follows an alt chord or focus switch it may reach the pane as plain esc bytes=[27]
2026-08-24T10:48:26.807340Z  INFO herdr::logging: herdr exiting event="app.shutdown" subsystem="client" outcome="completed" pid=457
2026-08-24T10:48:32.046267Z  INFO herdr::logging: herdr starting event="app.startup" subsystem="client" outcome="started" pid=532977
2026-08-24T10:48:32.046297Z  INFO herdr::client: connecting to server path=/home/jtw/.config/herdr/herdr-client.sock
2026-08-24T10:48:32.224192Z  INFO herdr::client: handshake succeeded version=20 encoding=SemanticFrame
2026-08-24T10:55:54.613394Z  WARN herdr::raw_input: flushing lone escape after input timeout; if this follows an alt chord or focus switch it may reach the pane as plain esc bytes=[27]
2026-08-24T10:55:54.613619Z  WARN herdr::raw_input: flushing lone escape after input timeout; if this follows an alt chord or focus switch it may reach the pane as plain esc bytes=[27]
2026-08-24T10:55:54.828315Z  WARN herdr::raw_input: flushing lone escape after input timeout; if this follows an alt chord or focus switch it may reach the pane as plain esc bytes=[27]
2026-08-24T10:55:54.828530Z  WARN herdr::raw_input: flushing lone escape after input timeout; if this follows an alt chord or focus switch it may reach the pane as plain esc bytes=[27]
2026-08-24T10:55:54.963467Z  WARN herdr::raw_input: flushing lone escape after input timeout; if this follows an alt chord or focus switch it may reach the pane as plain esc bytes=[27]
2026-08-24T10:55:55.113628Z  WARN herdr::raw_input: flushing lone escape after input timeout; if this follows an alt chord or focus switch it may reach the pane as plain esc bytes=[27]
2026-08-24T10:55:55.113756Z  WARN herdr::raw_input: flushing lone escape after input timeout; if this follows an alt chord or focus switch it may reach the pane as plain esc bytes=[27]
2026-08-24T10:55:55.338981Z  WARN herdr::raw_input: flushing lone escape after input timeout; if this follows an alt chord or focus switch it may reach the pane as plain esc bytes=[27]
2026-08-24T10:55:55.489143Z  WARN herdr::raw_input: flushing lone escape after input timeout; if this follows an alt chord or focus switch it may reach the pane as plain esc bytes=[27]
2026-08-24T10:55:55.489338Z  WARN herdr::raw_input: flushing lone escape after input timeout; if this follows an alt chord or focus switch it may reach the pane as plain esc bytes=[27]
2026-08-24T11:26:37.402160Z  WARN herdr::raw_input: flushing lone escape after input timeout; if this follows an alt chord or focus switch it may reach the pane as plain esc bytes=[27]
2026-08-24T11:26:37.407045Z  WARN herdr::raw_input: flushing lone escape after input timeout; if this follows an alt chord or focus switch it may reach the pane as plain esc bytes=[27]
2026-08-24T11:26:37.803637Z  WARN herdr::raw_input: flushing lone escape after input timeout; if this follows an alt chord or focus switch it may reach the pane as plain esc bytes=[27]
2026-08-24T11:26:37.803762Z  WARN herdr::raw_input: flushing lone escape after input timeout; if this follows an alt chord or focus switch it may reach the pane as plain esc bytes=[27]
2026-08-24T11:54:53.214880Z  WARN herdr::raw_input: flushing lone escape after input timeout; if this follows an alt chord or focus switch it may reach the pane as plain esc bytes=[27]
2026-08-24T11:54:53.375138Z  WARN herdr::raw_input: flushing lone escape after input timeout; if this follows an alt chord or focus switch it may reach the pane as plain esc bytes=[27]
2026-08-24T11:54:53.375318Z  WARN herdr::raw_input: flushing lone escape after input timeout; if this follows an alt chord or focus switch it may reach the pane as plain esc bytes=[27]
2026-08-24T11:54:53.934748Z  WARN herdr::raw_input: flushing lone escape after input timeout; if this follows an alt chord or focus switch it may reach the pane as plain esc bytes=[27]
2026-08-24T11:54:53.934914Z  WARN herdr::raw_input: flushing lone escape after input timeout; if this follows an alt chord or focus switch it may reach the pane as plain esc bytes=[27]
2026-08-24T11:54:54.160029Z  WARN herdr::raw_input: flushing lone escape after input timeout; if this follows an alt chord or focus switch it may reach the pane as plain esc bytes=[27]
2026-08-24T11:54:54.160195Z  WARN herdr::raw_input: flushing lone escape after input timeout; if this follows an alt chord or focus switch it may reach the pane as plain esc bytes=[27]
2026-08-24T11:54:58.014729Z  WARN herdr::raw_input: flushing lone escape after input timeout; if this follows an alt chord or focus switch it may reach the pane as plain esc bytes=[27]
2026-08-24T11:54:58.164897Z  WARN herdr::raw_input: flushing lone escape after input timeout; if this follows an alt chord or focus switch it may reach the pane as plain esc bytes=[27]
2026-08-24T11:54:58.165078Z  WARN herdr::raw_input: flushing lone escape after input timeout; if this follows an alt chord or focus switch it may reach the pane as plain esc bytes=[27]
2026-08-24T11:54:58.389770Z  WARN herdr::raw_input: flushing lone escape after input timeout; if this follows an alt chord or focus switch it may reach the pane as plain esc bytes=[27]
2026-08-24T11:54:58.389926Z  WARN herdr::raw_input: flushing lone escape after input timeout; if this follows an alt chord or focus switch it may reach the pane as plain esc bytes=[27]
2026-08-24T11:55:08.187701Z  WARN herdr::raw_input: flushing lone escape after input timeout; if this follows an alt chord or focus switch it may reach the pane as plain esc bytes=[27]
2026-08-24T11:55:08.187882Z  WARN herdr::raw_input: flushing lone escape after input timeout; if this follows an alt chord or focus switch it may reach the pane as plain esc bytes=[27]
2026-08-24T11:55:08.784070Z  WARN herdr::raw_input: flushing lone escape after input timeout; if this follows an alt chord or focus switch it may reach the pane as plain esc bytes=[27]
2026-08-24T11:55:08.784217Z  WARN herdr::raw_input: flushing lone escape after input timeout; if this follows an alt chord or focus switch it may reach the pane as plain esc bytes=[27]
2026-08-24T11:58:50.316637Z  WARN herdr::raw_input: flushing lone escape after input timeout; if this follows an alt chord or focus switch it may reach the pane as plain esc bytes=[27]
2026-08-24T11:58:50.709358Z  WARN herdr::raw_input: flushing lone escape after input timeout; if this follows an alt chord or focus switch it may reach the pane as plain esc bytes=[27]
2026-08-24T11:58:50.712979Z  WARN herdr::raw_input: flushing lone escape after input timeout; if this follows an alt chord or focus switch it may reach the pane as plain esc bytes=[27]
2026-08-24T12:30:20.098965Z  INFO herdr::logging: herdr exiting event="app.shutdown" subsystem="client" outcome="completed" pid=532977
2026-08-24T12:37:36.531595Z  INFO herdr::logging: herdr starting event="app.startup" subsystem="client" outcome="started" pid=7135
2026-08-24T12:37:36.532474Z  INFO herdr::client: connecting to server path=/home/jtw/.config/herdr/herdr-client.sock
2026-08-24T12:37:36.534415Z  INFO herdr::client: handshake succeeded version=20 encoding=SemanticFrame
2026-08-24T13:05:54.794704Z  WARN herdr::raw_input: flushing lone escape after input timeout; if this follows an alt chord or focus switch it may reach the pane as plain esc bytes=[27]
2026-08-24T13:05:54.794915Z  WARN herdr::raw_input: flushing lone escape after input timeout; if this follows an alt chord or focus switch it may reach the pane as plain esc bytes=[27]
2026-08-24T13:05:55.065436Z  WARN herdr::raw_input: flushing lone escape after input timeout; if this follows an alt chord or focus switch it may reach the pane as plain esc bytes=[27]
2026-08-24T13:05:55.065532Z  WARN herdr::raw_input: flushing lone escape after input timeout; if this follows an alt chord or focus switch it may reach the pane as plain esc bytes=[27]
2026-08-24T13:19:40.166621Z  WARN herdr::raw_input: flushing lone escape after input timeout; if this follows an alt chord or focus switch it may reach the pane as plain esc bytes=[27]
2026-08-24T13:19:40.166775Z  WARN herdr::raw_input: flushing lone escape after input timeout; if this follows an alt chord or focus switch it may reach the pane as plain esc bytes=[27]
2026-08-24T14:20:22.940398Z  WARN herdr::raw_input: flushing lone escape after input timeout; if this follows an alt chord or focus switch it may reach the pane as plain esc bytes=[27]
2026-08-24T14:20:22.941952Z  WARN herdr::raw_input: flushing lone escape after input timeout; if this follows an alt chord or focus switch it may reach the pane as plain esc bytes=[27]
2026-08-24T14:25:30.871672Z  WARN herdr::raw_input: flushing lone escape after input timeout; if this follows an alt chord or focus switch it may reach the pane as plain esc bytes=[27]
2026-08-24T14:25:30.871799Z  WARN herdr::raw_input: flushing lone escape after input timeout; if this follows an alt chord or focus switch it may reach the pane as plain esc bytes=[27]
2026-08-24T15:08:06.031085Z  WARN herdr::raw_input: flushing lone escape after input timeout; if this follows an alt chord or focus switch it may reach the pane as plain esc bytes=[27]
2026-08-24T15:08:06.327571Z  WARN herdr::raw_input: flushing lone escape after input timeout; if this follows an alt chord or focus switch it may reach the pane as plain esc bytes=[27]
2026-08-24T15:34:00.471843Z  WARN herdr::raw_input: flushing lone escape after input timeout; if this follows an alt chord or focus switch it may reach the pane as plain esc bytes=[27]
2026-08-24T15:34:00.476445Z  WARN herdr::raw_input: flushing lone escape after input timeout; if this follows an alt chord or focus switch it may reach the pane as plain esc bytes=[27]
2026-08-24T15:34:02.878300Z  WARN herdr::raw_input: flushing lone escape after input timeout; if this follows an alt chord or focus switch it may reach the pane as plain esc bytes=[27]
2026-08-24T15:34:03.028455Z  WARN herdr::raw_input: flushing lone escape after input timeout; if this follows an alt chord or focus switch it may reach the pane as plain esc bytes=[27]
2026-08-24T15:34:03.028548Z  WARN herdr::raw_input: flushing lone escape after input timeout; if this follows an alt chord or focus switch it may reach the pane as plain esc bytes=[27]
2026-08-24T15:35:44.418646Z  WARN herdr::raw_input: flushing lone escape after input timeout; if this follows an alt chord or focus switch it may reach the pane as plain esc bytes=[27]
2026-08-24T15:35:44.418742Z  WARN herdr::raw_input: flushing lone escape after input timeout; if this follows an alt chord or focus switch it may reach the pane as plain esc bytes=[27]
2026-08-24T15:35:44.648774Z  WARN herdr::raw_input: flushing lone escape after input timeout; if this follows an alt chord or focus switch it may reach the pane as plain esc bytes=[27]
2026-08-24T15:35:44.648843Z  WARN herdr::raw_input: flushing lone escape after input timeout; if this follows an alt chord or focus switch it may reach the pane as plain esc bytes=[27]
2026-08-24T15:35:44.896057Z  WARN herdr::raw_input: flushing lone escape after input timeout; if this follows an alt chord or focus switch it may reach the pane as plain esc bytes=[27]
2026-08-24T15:35:44.896151Z  WARN herdr::raw_input: flushing lone escape after input timeout; if this follows an alt chord or focus switch it may reach the pane as plain esc bytes=[27]
2026-08-24T17:16:36.033266Z  WARN herdr::raw_input: flushing lone escape after input timeout; if this follows an alt chord or focus switch it may reach the pane as plain esc bytes=[27]
2026-08-24T17:16:36.177136Z  WARN herdr::raw_input: flushing lone escape after input timeout; if this follows an alt chord or focus switch it may reach the pane as plain esc bytes=[27]
2026-08-24T18:00:53.263457Z  WARN herdr::raw_input: flushing lone escape after input timeout; if this follows an alt chord or focus switch it may reach the pane as plain esc bytes=[27]
2026-08-24T18:00:53.276533Z  WARN herdr::raw_input: flushing lone escape after input timeout; if this follows an alt chord or focus switch it may reach the pane as plain esc bytes=[27]
2026-08-24T18:00:53.465818Z  WARN herdr::raw_input: flushing lone escape after input timeout; if this follows an alt chord or focus switch it may reach the pane as plain esc bytes=[27]
2026-08-24T18:00:53.465956Z  WARN herdr::raw_input: flushing lone escape after input timeout; if this follows an alt chord or focus switch it may reach the pane as plain esc bytes=[27]
2026-08-24T18:00:53.658734Z  WARN herdr::raw_input: flushing lone escape after input timeout; if this follows an alt chord or focus switch it may reach the pane as plain esc bytes=[27]
2026-08-24T18:00:53.658816Z  WARN herdr::raw_input: flushing lone escape after input timeout; if this follows an alt chord or focus switch it may reach the pane as plain esc bytes=[27]
2026-08-24T18:08:59.063424Z  WARN herdr::raw_input: flushing lone escape after input timeout; if this follows an alt chord or focus switch it may reach the pane as plain esc bytes=[27]
2026-08-24T18:08:59.063499Z  WARN herdr::raw_input: flushing lone escape after input timeout; if this follows an alt chord or focus switch it may reach the pane as plain esc bytes=[27]
2026-08-24T18:08:59.438570Z  WARN herdr::raw_input: flushing lone escape after input timeout; if this follows an alt chord or focus switch it may reach the pane as plain esc bytes=[27]
2026-08-24T18:08:59.438692Z  WARN herdr::raw_input: flushing lone escape after input timeout; if this follows an alt chord or focus switch it may reach the pane as plain esc bytes=[27]
2026-08-24T18:49:11.874384Z  WARN herdr::raw_input: flushing lone escape after input timeout; if this follows an alt chord or focus switch it may reach the pane as plain esc bytes=[27]
2026-08-24T18:49:11.874461Z  WARN herdr::raw_input: flushing lone escape after input timeout; if this follows an alt chord or focus switch it may reach the pane as plain esc bytes=[27]
2026-08-24T18:49:17.088815Z  INFO herdr::logging: herdr exiting event="app.shutdown" subsystem="client" outcome="completed" pid=7135
2026-08-24T18:59:03.334614Z  INFO herdr::logging: herdr starting event="app.startup" subsystem="client" outcome="started" pid=1059238
2026-08-24T18:59:03.334647Z  INFO herdr::client: connecting to server path=/home/jtw/.config/herdr/herdr-client.sock
2026-08-24T18:59:03.363066Z  INFO herdr::client: handshake succeeded version=20 encoding=SemanticFrame
2026-08-24T20:47:12.916154Z  WARN herdr::raw_input: flushing lone escape after input timeout; if this follows an alt chord or focus switch it may reach the pane as plain esc bytes=[27]
2026-08-24T20:47:12.919819Z  WARN herdr::raw_input: flushing lone escape after input timeout; if this follows an alt chord or focus switch it may reach the pane as plain esc bytes=[27]
2026-08-24T20:47:13.070021Z  WARN herdr::raw_input: flushing lone escape after input timeout; if this follows an alt chord or focus switch it may reach the pane as plain esc bytes=[27]
2026-08-24T20:47:13.070112Z  WARN herdr::raw_input: flushing lone escape after input timeout; if this follows an alt chord or focus switch it may reach the pane as plain esc bytes=[27]
2026-08-24T20:47:13.568234Z  WARN herdr::raw_input: flushing lone escape after input timeout; if this follows an alt chord or focus switch it may reach the pane as plain esc bytes=[27]
2026-08-24T20:47:13.568355Z  WARN herdr::raw_input: flushing lone escape after input timeout; if this follows an alt chord or focus switch it may reach the pane as plain esc bytes=[27]
2026-08-24T20:47:14.171983Z  WARN herdr::raw_input: flushing lone escape after input timeout; if this follows an alt chord or focus switch it may reach the pane as plain esc bytes=[27]
2026-08-24T21:50:13.933832Z  WARN herdr::raw_input: flushing lone escape after input timeout; if this follows an alt chord or focus switch it may reach the pane as plain esc bytes=[27]
2026-08-24T21:50:13.938386Z  WARN herdr::raw_input: flushing lone escape after input timeout; if this follows an alt chord or focus switch it may reach the pane as plain esc bytes=[27]
2026-08-24T22:09:36.513968Z  WARN herdr::raw_input: flushing lone escape after input timeout; if this follows an alt chord or focus switch it may reach the pane as plain esc bytes=[27]
2026-08-24T22:09:36.514255Z  WARN herdr::raw_input: flushing lone escape after input timeout; if this follows an alt chord or focus switch it may reach the pane as plain esc bytes=[27]
2026-08-24T22:27:59.597289Z  WARN herdr::raw_input: flushing lone escape after input timeout; if this follows an alt chord or focus switch it may reach the pane as plain esc bytes=[27]
2026-08-24T22:27:59.597468Z  WARN herdr::raw_input: flushing lone escape after input timeout; if this follows an alt chord or focus switch it may reach the pane as plain esc bytes=[27]
2026-08-24T22:28:00.596729Z  WARN herdr::raw_input: flushing lone escape after input timeout; if this follows an alt chord or focus switch it may reach the pane as plain esc bytes=[27]
2026-08-24T22:28:00.596821Z  WARN herdr::raw_input: flushing lone escape after input timeout; if this follows an alt chord or focus switch it may reach the pane as plain esc bytes=[27]
2026-08-24T22:28:00.851240Z  WARN herdr::raw_input: flushing lone escape after input timeout; if this follows an alt chord or focus switch it may reach the pane as plain esc bytes=[27]
2026-08-24T22:28:00.851324Z  WARN herdr::raw_input: flushing lone escape after input timeout; if this follows an alt chord or focus switch it may reach the pane as plain esc bytes=[27]
2026-08-24T22:33:16.120937Z  WARN herdr::raw_input: flushing lone escape after input timeout; if this follows an alt chord or focus switch it may reach the pane as plain esc bytes=[27]
2026-08-24T22:33:16.121005Z  WARN herdr::raw_input: flushing lone escape after input timeout; if this follows an alt chord or focus switch it may reach the pane as plain esc bytes=[27]
2026-08-24T22:33:17.158673Z  WARN herdr::raw_input: flushing lone escape after input timeout; if this follows an alt chord or focus switch it may reach the pane as plain esc bytes=[27]
2026-08-24T22:33:17.158801Z  WARN herdr::raw_input: flushing lone escape after input timeout; if this follows an alt chord or focus switch it may reach the pane as plain esc bytes=[27]
2026-08-24T22:36:09.238562Z  WARN herdr::raw_input: flushing lone escape after input timeout; if this follows an alt chord or focus switch it may reach the pane as plain esc bytes=[27]
2026-08-24T22:36:09.238719Z  WARN herdr::raw_input: flushing lone escape after input timeout; if this follows an alt chord or focus switch it may reach the pane as plain esc bytes=[27]
2026-08-24T22:36:09.405081Z  WARN herdr::raw_input: flushing lone escape after input timeout; if this follows an alt chord or focus switch it may reach the pane as plain esc bytes=[27]
2026-08-24T22:36:09.405200Z  WARN herdr::raw_input: flushing lone escape after input timeout; if this follows an alt chord or focus switch it may reach the pane as plain esc bytes=[27]
2026-08-24T22:36:09.600620Z  WARN herdr::raw_input: flushing lone escape after input timeout; if this follows an alt chord or focus switch it may reach the pane as plain esc bytes=[27]
2026-08-24T22:36:09.600785Z  WARN herdr::raw_input: flushing lone escape after input timeout; if this follows an alt chord or focus switch it may reach the pane as plain esc bytes=[27]
2026-08-25T00:33:53.372823Z  WARN herdr::raw_input: flushing lone escape after input timeout; if this follows an alt chord or focus switch it may reach the pane as plain esc bytes=[27]
2026-08-25T00:33:53.376706Z  WARN herdr::raw_input: flushing lone escape after input timeout; if this follows an alt chord or focus switch it may reach the pane as plain esc bytes=[27]
2026-08-25T00:51:39.336126Z  WARN herdr::raw_input: flushing lone escape after input timeout; if this follows an alt chord or focus switch it may reach the pane as plain esc bytes=[27]
2026-08-25T00:51:39.336225Z  WARN herdr::raw_input: flushing lone escape after input timeout; if this follows an alt chord or focus switch it may reach the pane as plain esc bytes=[27]
2026-08-25T00:51:40.945993Z  WARN herdr::raw_input: flushing lone escape after input timeout; if this follows an alt chord or focus switch it may reach the pane as plain esc bytes=[27]
2026-08-25T00:51:40.946100Z  WARN herdr::raw_input: flushing lone escape after input timeout; if this follows an alt chord or focus switch it may reach the pane as plain esc bytes=[27]
2026-08-25T00:51:41.395968Z  WARN herdr::raw_input: flushing lone escape after input timeout; if this follows an alt chord or focus switch it may reach the pane as plain esc bytes=[27]
2026-08-25T00:51:41.396042Z  WARN herdr::raw_input: flushing lone escape after input timeout; if this follows an alt chord or focus switch it may reach the pane as plain esc bytes=[27]
2026-08-25T01:07:52.127723Z  WARN herdr::raw_input: flushing lone escape after input timeout; if this follows an alt chord or focus switch it may reach the pane as plain esc bytes=[27]
2026-08-25T01:07:52.127997Z  WARN herdr::raw_input: flushing lone escape after input timeout; if this follows an alt chord or focus switch it may reach the pane as plain esc bytes=[27]
2026-08-25T01:07:52.581296Z  WARN herdr::raw_input: flushing lone escape after input timeout; if this follows an alt chord or focus switch it may reach the pane as plain esc bytes=[27]
2026-08-25T01:07:52.581555Z  WARN herdr::raw_input: flushing lone escape after input timeout; if this follows an alt chord or focus switch it may reach the pane as plain esc bytes=[27]
2026-08-25T02:23:42.760203Z  WARN herdr::raw_input: flushing lone escape after input timeout; if this follows an alt chord or focus switch it may reach the pane as plain esc bytes=[27]
2026-08-25T02:23:42.760298Z  WARN herdr::raw_input: flushing lone escape after input timeout; if this follows an alt chord or focus switch it may reach the pane as plain esc bytes=[27]
2026-08-25T02:23:43.145526Z  WARN herdr::raw_input: flushing lone escape after input timeout; if this follows an alt chord or focus switch it may reach the pane as plain esc bytes=[27]
2026-08-25T02:23:43.145657Z  WARN herdr::raw_input: flushing lone escape after input timeout; if this follows an alt chord or focus switch it may reach the pane as plain esc bytes=[27]
2026-08-25T08:12:58.936408Z  WARN herdr::raw_input: flushing lone escape after input timeout; if this follows an alt chord or focus switch it may reach the pane as plain esc bytes=[27]
2026-08-25T08:12:58.936966Z  WARN herdr::raw_input: flushing lone escape after input timeout; if this follows an alt chord or focus switch it may reach the pane as plain esc bytes=[27]
2026-08-25T08:16:19.908465Z  WARN herdr::raw_input: flushing lone escape after input timeout; if this follows an alt chord or focus switch it may reach the pane as plain esc bytes=[27]
2026-08-25T08:16:19.908591Z  WARN herdr::raw_input: flushing lone escape after input timeout; if this follows an alt chord or focus switch it may reach the pane as plain esc bytes=[27]
2026-08-25T08:25:09.057181Z  WARN herdr::raw_input: flushing lone escape after input timeout; if this follows an alt chord or focus switch it may reach the pane as plain esc bytes=[27]
2026-08-25T08:25:09.217555Z  WARN herdr::raw_input: flushing lone escape after input timeout; if this follows an alt chord or focus switch it may reach the pane as plain esc bytes=[27]
2026-08-25T08:25:09.217660Z  WARN herdr::raw_input: flushing lone escape after input timeout; if this follows an alt chord or focus switch it may reach the pane as plain esc bytes=[27]
2026-08-25T11:46:18.247054Z  WARN herdr::raw_input: flushing lone escape after input timeout; if this follows an alt chord or focus switch it may reach the pane as plain esc bytes=[27]
2026-08-25T11:46:18.251493Z  WARN herdr::raw_input: flushing lone escape after input timeout; if this follows an alt chord or focus switch it may reach the pane as plain esc bytes=[27]
2026-08-25T11:46:18.495080Z  WARN herdr::raw_input: flushing lone escape after input timeout; if this follows an alt chord or focus switch it may reach the pane as plain esc bytes=[27]
2026-08-25T11:46:18.495176Z  WARN herdr::raw_input: flushing lone escape after input timeout; if this follows an alt chord or focus switch it may reach the pane as plain esc bytes=[27]
2026-08-25T11:46:18.763859Z  WARN herdr::raw_input: flushing lone escape after input timeout; if this follows an alt chord or focus switch it may reach the pane as plain esc bytes=[27]
2026-08-25T11:46:18.763978Z  WARN herdr::raw_input: flushing lone escape after input timeout; if this follows an alt chord or focus switch it may reach the pane as plain esc bytes=[27]
2026-08-25T12:05:39.577278Z  WARN herdr::raw_input: flushing lone escape after input timeout; if this follows an alt chord or focus switch it may reach the pane as plain esc bytes=[27]
2026-08-25T12:05:39.886179Z  WARN herdr::raw_input: flushing lone escape after input timeout; if this follows an alt chord or focus switch it may reach the pane as plain esc bytes=[27]
2026-08-25T12:05:39.886300Z  WARN herdr::raw_input: flushing lone escape after input timeout; if this follows an alt chord or focus switch it may reach the pane as plain esc bytes=[27]
2026-08-25T12:32:14.063416Z  INFO herdr::logging: herdr exiting event="app.shutdown" subsystem="client" outcome="completed" pid=1059238
2026-08-25T12:33:13.087240Z  INFO herdr::logging: herdr starting event="app.startup" subsystem="client" outcome="started" pid=326
2026-08-25T12:33:13.087687Z  INFO herdr::client: connecting to server path=/home/jtw/.config/herdr/herdr-client.sock
2026-08-25T12:33:13.095667Z  INFO herdr::client: handshake succeeded version=20 encoding=SemanticFrame
2026-08-25T12:39:09.533799Z  INFO herdr::logging: herdr starting event="app.startup" subsystem="client" outcome="started" pid=397
2026-08-25T12:39:09.534303Z  INFO herdr::client: connecting to server path=/home/jtw/.config/herdr/herdr-client.sock
2026-08-25T12:39:09.784426Z  INFO herdr::client: handshake succeeded version=20 encoding=SemanticFrame
2026-08-25T12:56:19.078981Z  WARN herdr::raw_input: flushing lone escape after input timeout; if this follows an alt chord or focus switch it may reach the pane as plain esc bytes=[27]
2026-08-25T12:56:19.081744Z  WARN herdr::raw_input: flushing lone escape after input timeout; if this follows an alt chord or focus switch it may reach the pane as plain esc bytes=[27]
2026-08-25T12:56:19.278281Z  WARN herdr::raw_input: flushing lone escape after input timeout; if this follows an alt chord or focus switch it may reach the pane as plain esc bytes=[27]
2026-08-25T12:56:19.278989Z  WARN herdr::raw_input: flushing lone escape after input timeout; if this follows an alt chord or focus switch it may reach the pane as plain esc bytes=[27]
2026-08-25T14:13:17.882909Z  WARN herdr::raw_input: flushing lone escape after input timeout; if this follows an alt chord or focus switch it may reach the pane as plain esc bytes=[27]
2026-08-25T14:13:17.887413Z  WARN herdr::raw_input: flushing lone escape after input timeout; if this follows an alt chord or focus switch it may reach the pane as plain esc bytes=[27]
2026-08-25T14:13:18.166961Z  WARN herdr::raw_input: flushing lone escape after input timeout; if this follows an alt chord or focus switch it may reach the pane as plain esc bytes=[27]
2026-08-25T14:13:18.167055Z  WARN herdr::raw_input: flushing lone escape after input timeout; if this follows an alt chord or focus switch it may reach the pane as plain esc bytes=[27]
2026-08-25T14:13:18.509711Z  WARN herdr::raw_input: flushing lone escape after input timeout; if this follows an alt chord or focus switch it may reach the pane as plain esc bytes=[27]
2026-08-25T14:13:18.509848Z  WARN herdr::raw_input: flushing lone escape after input timeout; if this follows an alt chord or focus switch it may reach the pane as plain esc bytes=[27]
2026-08-25T17:25:27.312503Z  WARN herdr::raw_input: flushing lone escape after input timeout; if this follows an alt chord or focus switch it may reach the pane as plain esc bytes=[27]
2026-08-25T18:30:01.599042Z  WARN herdr::raw_input: flushing lone escape after input timeout; if this follows an alt chord or focus switch it may reach the pane as plain esc bytes=[27]
2026-08-25T18:30:01.830981Z  WARN herdr::raw_input: flushing lone escape after input timeout; if this follows an alt chord or focus switch it may reach the pane as plain esc bytes=[27]
2026-08-25T18:30:02.054466Z  WARN herdr::raw_input: flushing lone escape after input timeout; if this follows an alt chord or focus switch it may reach the pane as plain esc bytes=[27]
2026-08-25T18:30:02.294655Z  WARN herdr::raw_input: flushing lone escape after input timeout; if this follows an alt chord or focus switch it may reach the pane as plain esc bytes=[27]
2026-08-25T19:39:27.039792Z  WARN herdr::raw_input: flushing lone escape after input timeout; if this follows an alt chord or focus switch it may reach the pane as plain esc bytes=[27]
2026-08-25T19:39:27.311632Z  WARN herdr::raw_input: flushing lone escape after input timeout; if this follows an alt chord or focus switch it may reach the pane as plain esc bytes=[27]
2026-08-26T00:01:55.746702Z  INFO herdr::logging: herdr exiting event="app.shutdown" subsystem="client" outcome="completed" pid=397
2026-08-26T00:02:13.327975Z  INFO herdr::logging: herdr starting event="app.startup" subsystem="client" outcome="started" pid=79092
2026-08-26T00:02:13.328003Z  INFO herdr::client: connecting to server path=/home/jtw/.config/herdr/herdr-client.sock
2026-08-26T00:02:13.334530Z  INFO herdr::client: handshake succeeded version=20 encoding=SemanticFrame
2026-08-26T00:04:09.583066Z  INFO herdr::logging: herdr starting event="app.startup" subsystem="client" outcome="started" pid=349
2026-08-26T00:04:09.584123Z  INFO herdr::client: connecting to server path=/home/jtw/.config/herdr/herdr-client.sock
2026-08-26T00:04:09.595949Z  INFO herdr::client: handshake succeeded version=20 encoding=SemanticFrame
2026-08-26T00:06:40.439009Z  INFO herdr::logging: herdr starting event="app.startup" subsystem="client" outcome="started" pid=1179
2026-08-26T00:06:40.440071Z  INFO herdr::client: connecting to server path=/home/jtw/.config/herdr/herdr-client.sock
2026-08-26T00:06:40.451646Z  INFO herdr::client: handshake succeeded version=20 encoding=SemanticFrame
2026-08-26T01:53:32.941996Z  WARN herdr::raw_input: flushing lone escape after input timeout; if this follows an alt chord or focus switch it may reach the pane as plain esc bytes=[27]
2026-08-26T01:53:32.947629Z  WARN herdr::raw_input: flushing lone escape after input timeout; if this follows an alt chord or focus switch it may reach the pane as plain esc bytes=[27]
2026-08-26T01:53:33.149800Z  WARN herdr::raw_input: flushing lone escape after input timeout; if this follows an alt chord or focus switch it may reach the pane as plain esc bytes=[27]
2026-08-26T01:53:33.149905Z  WARN herdr::raw_input: flushing lone escape after input timeout; if this follows an alt chord or focus switch it may reach the pane as plain esc bytes=[27]
2026-08-26T01:53:33.351111Z  WARN herdr::raw_input: flushing lone escape after input timeout; if this follows an alt chord or focus switch it may reach the pane as plain esc bytes=[27]
2026-08-26T01:53:33.351359Z  WARN herdr::raw_input: flushing lone escape after input timeout; if this follows an alt chord or focus switch it may reach the pane as plain esc bytes=[27]
2026-08-26T03:15:41.211589Z  WARN herdr::raw_input: flushing lone escape after input timeout; if this follows an alt chord or focus switch it may reach the pane as plain esc bytes=[27]
2026-08-26T03:15:41.215380Z  WARN herdr::raw_input: flushing lone escape after input timeout; if this follows an alt chord or focus switch it may reach the pane as plain esc bytes=[27]
2026-08-26T03:15:41.454837Z  WARN herdr::raw_input: flushing lone escape after input timeout; if this follows an alt chord or focus switch it may reach the pane as plain esc bytes=[27]
2026-08-26T03:15:41.454974Z  WARN herdr::raw_input: flushing lone escape after input timeout; if this follows an alt chord or focus switch it may reach the pane as plain esc bytes=[27]
2026-08-26T09:36:58.161547Z  WARN herdr::raw_input: flushing lone escape after input timeout; if this follows an alt chord or focus switch it may reach the pane as plain esc bytes=[27]
2026-08-26T09:36:58.164261Z  WARN herdr::raw_input: flushing lone escape after input timeout; if this follows an alt chord or focus switch it may reach the pane as plain esc bytes=[27]
2026-08-26T10:33:29.844529Z  INFO herdr::logging: herdr exiting event="app.shutdown" subsystem="client" outcome="completed" pid=1179
2026-08-26T10:35:42.313000Z  INFO herdr::logging: herdr starting event="app.startup" subsystem="client" outcome="started" pid=335
2026-08-26T10:35:42.313504Z  INFO herdr::client: connecting to server path=/home/jtw/.config/herdr/herdr-client.sock
2026-08-26T10:35:42.314509Z  INFO herdr::client: handshake succeeded version=20 encoding=SemanticFrame
2026-08-26T13:05:04.795601Z  WARN herdr::raw_input: flushing lone escape after input timeout; if this follows an alt chord or focus switch it may reach the pane as plain esc bytes=[27]
2026-08-26T14:06:28.595902Z  WARN herdr::raw_input: flushing lone escape after input timeout; if this follows an alt chord or focus switch it may reach the pane as plain esc bytes=[27]
2026-08-26T14:06:28.764041Z  WARN herdr::raw_input: flushing lone escape after input timeout; if this follows an alt chord or focus switch it may reach the pane as plain esc bytes=[27]
2026-08-26T14:30:31.266330Z  INFO herdr::logging: herdr exiting event="app.shutdown" subsystem="client" outcome="completed" pid=335
2026-08-27T08:27:21.682125Z  INFO herdr::logging: herdr starting event="app.startup" subsystem="client" outcome="started" pid=1928
2026-08-27T08:27:21.684282Z  INFO herdr::client: connecting to server path=/home/jtw/.config/herdr/herdr-client.sock
2026-08-27T08:27:21.693617Z  INFO herdr::client: handshake succeeded version=20 encoding=SemanticFrame
2026-08-27T14:12:04.134392Z  WARN herdr::raw_input: flushing lone escape after input timeout; if this follows an alt chord or focus switch it may reach the pane as plain esc bytes=[27]
2026-08-27T14:12:04.140225Z  WARN herdr::raw_input: flushing lone escape after input timeout; if this follows an alt chord or focus switch it may reach the pane as plain esc bytes=[27]
2026-08-27T14:12:04.664096Z  WARN herdr::raw_input: flushing lone escape after input timeout; if this follows an alt chord or focus switch it may reach the pane as plain esc bytes=[27]
2026-08-27T14:12:04.664374Z  WARN herdr::raw_input: flushing lone escape after input timeout; if this follows an alt chord or focus switch it may reach the pane as plain esc bytes=[27]
2026-08-27T14:12:05.036130Z  WARN herdr::raw_input: flushing lone escape after input timeout; if this follows an alt chord or focus switch it may reach the pane as plain esc bytes=[27]
2026-08-27T14:12:05.036288Z  WARN herdr::raw_input: flushing lone escape after input timeout; if this follows an alt chord or focus switch it may reach the pane as plain esc bytes=[27]
2026-08-27T14:50:37.611500Z  WARN herdr::raw_input: flushing lone escape after input timeout; if this follows an alt chord or focus switch it may reach the pane as plain esc bytes=[27]
2026-08-27T14:50:37.613363Z  WARN herdr::raw_input: flushing lone escape after input timeout; if this follows an alt chord or focus switch it may reach the pane as plain esc bytes=[27]
2026-08-27T16:34:12.690013Z  WARN herdr::raw_input: flushing lone escape after input timeout; if this follows an alt chord or focus switch it may reach the pane as plain esc bytes=[27]
2026-08-27T16:34:12.693149Z  WARN herdr::raw_input: flushing lone escape after input timeout; if this follows an alt chord or focus switch it may reach the pane as plain esc bytes=[27]
2026-08-27T16:34:13.997683Z  WARN herdr::raw_input: flushing lone escape after input timeout; if this follows an alt chord or focus switch it may reach the pane as plain esc bytes=[27]
2026-08-27T16:34:13.997835Z  WARN herdr::raw_input: flushing lone escape after input timeout; if this follows an alt chord or focus switch it may reach the pane as plain esc bytes=[27]
                                                                                                                                     2026-08-28T13:58:11.515452Z  INFO herdr::logging: herdr starting event="app.startup" subsystem="client" outcome="started" pid=1938543
2026-08-28T13:58:11.517491Z  INFO herdr::client: connecting to server path=/home/jtw/.config/herdr/herdr-client.sock
2026-08-28T13:58:11.531096Z  INFO herdr::client: handshake succeeded version=20 encoding=SemanticFrame
2026-08-28T14:18:29.342131Z  WARN herdr::raw_input: flushing lone escape after input timeout; if this follows an alt chord or focus switch it may reach the pane as plain esc bytes=[27]
2026-08-28T14:18:29.343434Z  WARN herdr::raw_input: flushing lone escape after input timeout; if this follows an alt chord or focus switch it may reach the pane as plain esc bytes=[27]
2026-08-28T14:18:29.501669Z  WARN herdr::raw_input: flushing lone escape after input timeout; if this follows an alt chord or focus switch it may reach the pane as plain esc bytes=[27]
2026-08-28T14:18:29.501751Z  WARN herdr::raw_input: flushing lone escape after input timeout; if this follows an alt chord or focus switch it may reach the pane as plain esc bytes=[27]
2026-08-28T14:18:30.232101Z  WARN herdr::raw_input: flushing lone escape after input timeout; if this follows an alt chord or focus switch it may reach the pane as plain esc bytes=[27]
2026-08-28T14:18:30.232214Z  WARN herdr::raw_input: flushing lone escape after input timeout; if this follows an alt chord or focus switch it may reach the pane as plain esc bytes=[27]
2026-08-28T16:33:15.917518Z  INFO herdr::logging: herdr exiting event="app.shutdown" subsystem="client" outcome="completed" pid=1938543
2026-08-30T22:22:29.783073Z  INFO herdr::logging: herdr starting event="app.startup" subsystem="client" outcome="started" pid=448081
2026-08-30T22:22:29.784442Z  INFO herdr::client: connecting to server path=/home/jtw/.config/herdr/herdr-client.sock
2026-08-30T22:22:29.791283Z  INFO herdr::client: handshake succeeded version=20 encoding=SemanticFrame
2026-08-30T22:44:59.958927Z  WARN herdr::raw_input: flushing lone escape after input timeout; if this follows an alt chord or focus switch it may reach the pane as plain esc bytes=[27]
2026-08-30T22:45:00.119262Z  WARN herdr::raw_input: flushing lone escape after input timeout; if this follows an alt chord or focus switch it may reach the pane as plain esc bytes=[27]
2026-08-30T22:45:00.119377Z  WARN herdr::raw_input: flushing lone escape after input timeout; if this follows an alt chord or focus switch it may reach the pane as plain esc bytes=[27]
2026-08-30T22:45:04.781499Z  WARN herdr::raw_input: flushing lone escape after input timeout; if this follows an alt chord or focus switch it may reach the pane as plain esc bytes=[27]
2026-08-30T22:45:04.781612Z  WARN herdr::raw_input: flushing lone escape after input timeout; if this follows an alt chord or focus switch it may reach the pane as plain esc bytes=[27]
2026-08-30T22:45:07.273775Z  WARN herdr::raw_input: flushing lone escape after input timeout; if this follows an alt chord or focus switch it may reach the pane as plain esc bytes=[27]
2026-08-30T22:45:07.273880Z  WARN herdr::raw_input: flushing lone escape after input timeout; if this follows an alt chord or focus switch it may reach the pane as plain esc bytes=[27]
2026-08-30T22:45:10.709500Z  WARN herdr::raw_input: flushing lone escape after input timeout; if this follows an alt chord or focus switch it may reach the pane as plain esc bytes=[27]
2026-08-30T22:45:10.709570Z  WARN herdr::raw_input: flushing lone escape after input timeout; if this follows an alt chord or focus switch it may reach the pane as plain esc bytes=[27]
2026-08-30T23:51:08.665933Z  WARN herdr::raw_input: flushing lone escape after input timeout; if this follows an alt chord or focus switch it may reach the pane as plain esc bytes=[27]
2026-08-30T23:51:08.666998Z  WARN herdr::raw_input: flushing lone escape after input timeout; if this follows an alt chord or focus switch it may reach the pane as plain esc bytes=[27]
2026-08-30T23:51:09.541681Z  WARN herdr::raw_input: flushing lone escape after input timeout; if this follows an alt chord or focus switch it may reach the pane as plain esc bytes=[27]
2026-08-30T23:51:09.541757Z  WARN herdr::raw_input: flushing lone escape after input timeout; if this follows an alt chord or focus switch it may reach the pane as plain esc bytes=[27]
2026-08-31T04:36:18.843196Z  WARN herdr::raw_input: flushing lone escape after input timeout; if this follows an alt chord or focus switch it may reach the pane as plain esc bytes=[27]
2026-08-31T04:36:18.844848Z  WARN herdr::raw_input: flushing lone escape after input timeout; if this follows an alt chord or focus switch it may reach the pane as plain esc bytes=[27]
2026-08-31T04:36:19.225256Z  WARN herdr::raw_input: flushing lone escape after input timeout; if this follows an alt chord or focus switch it may reach the pane as plain esc bytes=[27]
2026-08-31T04:36:19.225403Z  WARN herdr::raw_input: flushing lone escape after input timeout; if this follows an alt chord or focus switch it may reach the pane as plain esc bytes=[27]
2026-08-31T04:52:06.202514Z  INFO herdr::logging: herdr exiting event="app.shutdown" subsystem="client" outcome="completed" pid=448081
2026-08-31T04:52:13.514801Z  INFO herdr::logging: herdr starting event="app.startup" subsystem="client" outcome="started" pid=1933509
2026-08-31T04:52:13.514858Z  INFO herdr::client: connecting to server path=/home/jtw/.config/herdr/herdr-client.sock
2026-08-31T04:52:13.639820Z  INFO herdr::client: handshake succeeded version=20 encoding=SemanticFrame
2026-08-31T04:53:27.675316Z  WARN herdr::raw_input: flushing lone escape after input timeout; if this follows an alt chord or focus switch it may reach the pane as plain esc bytes=[27]
2026-08-31T04:53:27.675622Z  WARN herdr::raw_input: flushing lone escape after input timeout; if this follows an alt chord or focus switch it may reach the pane as plain esc bytes=[27]
2026-08-31T04:54:00.064119Z  WARN herdr::raw_input: flushing lone escape after input timeout; if this follows an alt chord or focus switch it may reach the pane as plain esc bytes=[27]
2026-08-31T04:54:00.064253Z  WARN herdr::raw_input: flushing lone escape after input timeout; if this follows an alt chord or focus switch it may reach the pane as plain esc bytes=[27]
2026-08-31T04:54:00.599571Z  WARN herdr::raw_input: flushing lone escape after input timeout; if this follows an alt chord or focus switch it may reach the pane as plain esc bytes=[27]
2026-08-31T04:54:00.599722Z  WARN herdr::raw_input: flushing lone escape after input timeout; if this follows an alt chord or focus switch it may reach the pane as plain esc bytes=[27]
2026-08-31T04:58:42.654764Z  WARN herdr::raw_input: flushing lone escape after input timeout; if this follows an alt chord or focus switch it may reach the pane as plain esc bytes=[27]
2026-08-31T04:58:42.654860Z  WARN herdr::raw_input: flushing lone escape after input timeout; if this follows an alt chord or focus switch it may reach the pane as plain esc bytes=[27]
2026-08-31T04:58:43.419880Z  WARN herdr::raw_input: flushing lone escape after input timeout; if this follows an alt chord or focus switch it may reach the pane as plain esc bytes=[27]
2026-08-31T04:58:43.419984Z  WARN herdr::raw_input: flushing lone escape after input timeout; if this follows an alt chord or focus switch it may reach the pane as plain esc bytes=[27]
2026-08-31T05:04:42.482579Z  INFO herdr::logging: herdr exiting event="app.shutdown" subsystem="client" outcome="completed" pid=1933509
2026-08-31T05:05:50.376148Z  INFO herdr::logging: herdr starting event="app.startup" subsystem="client" outcome="started" pid=1976962
2026-08-31T05:05:50.376176Z  INFO herdr::client: connecting to server path=/home/jtw/.config/herdr/herdr-client.sock
2026-08-31T05:05:50.457478Z  INFO herdr::client: handshake succeeded version=20 encoding=SemanticFrame
2026-08-31T05:44:23.382094Z  WARN herdr::raw_input: flushing lone escape after input timeout; if this follows an alt chord or focus switch it may reach the pane as plain esc bytes=[27]
2026-08-31T05:44:23.382394Z  WARN herdr::raw_input: flushing lone escape after input timeout; if this follows an alt chord or focus switch it may reach the pane as plain esc bytes=[27]
2026-08-31T05:44:24.565652Z  WARN herdr::raw_input: flushing lone escape after input timeout; if this follows an alt chord or focus switch it may reach the pane as plain esc bytes=[27]
2026-08-31T05:44:24.565756Z  WARN herdr::raw_input: flushing lone escape after input timeout; if this follows an alt chord or focus switch it may reach the pane as plain esc bytes=[27]
2026-08-31T06:59:25.115331Z  WARN herdr::raw_input: flushing lone escape after input timeout; if this follows an alt chord or focus switch it may reach the pane as plain esc bytes=[27]
2026-08-31T06:59:25.116526Z  WARN herdr::raw_input: flushing lone escape after input timeout; if this follows an alt chord or focus switch it may reach the pane as plain esc bytes=[27]
2026-08-31T07:27:19.775262Z  WARN herdr::raw_input: flushing lone escape after input timeout; if this follows an alt chord or focus switch it may reach the pane as plain esc bytes=[27]
2026-08-31T07:27:19.776852Z  WARN herdr::raw_input: flushing lone escape after input timeout; if this follows an alt chord or focus switch it may reach the pane as plain esc bytes=[27]
2026-08-31T13:43:28.656671Z  WARN herdr::raw_input: flushing lone escape after input timeout; if this follows an alt chord or focus switch it may reach the pane as plain esc bytes=[27]
2026-08-31T13:43:28.659952Z  WARN herdr::raw_input: flushing lone escape after input timeout; if this follows an alt chord or focus switch it may reach the pane as plain esc bytes=[27]
2026-08-31T14:56:46.234627Z  WARN herdr::raw_input: flushing lone escape after input timeout; if this follows an alt chord or focus switch it may reach the pane as plain esc bytes=[27]
2026-08-31T14:56:46.235255Z  WARN herdr::raw_input: flushing lone escape after input timeout; if this follows an alt chord or focus switch it may reach the pane as plain esc bytes=[27]
2026-08-31T16:50:52.577783Z  WARN herdr::raw_input: flushing lone escape after input timeout; if this follows an alt chord or focus switch it may reach the pane as plain esc bytes=[27]
2026-08-31T16:50:52.579645Z  WARN herdr::raw_input: flushing lone escape after input timeout; if this follows an alt chord or focus switch it may reach the pane as plain esc bytes=[27]
2026-08-31T17:01:02.075432026-09-01T07:12:54.526775Z  INFO herdr::logging: herdr starting event="app.startup" subsystem="client" outcome="started" pid=369
2026-09-01T07:12:54.528107Z  INFO herdr::client: connecting to server path=/home/jtw/.config/herdr/herdr-client.sock
2026-09-01T07:12:54.531627Z  INFO herdr::client: handshake succeeded version=20 encoding=SemanticFrame
2026-09-01T07:39:25.931130Z  WARN herdr::raw_input: flushing lone escape after input timeout; if this follows an alt chord or focus switch it may reach the pane as plain esc bytes=[27]
2026-09-01T07:39:25.931424Z  WARN herdr::raw_input: flushing lone escape after input timeout; if this follows an alt chord or focus switch it may reach the pane as plain esc bytes=[27]
2026-09-01T11:31:57.953400Z  WARN herdr::raw_input: flushing lone escape after input timeout; if this follows an alt chord or focus switch it may reach the pane as plain esc bytes=[27]
2026-09-01T11:31:58.112276Z  WARN herdr::raw_input: flushing lone escape after input timeout; if this follows an alt chord or focus switch it may reach the pane as plain esc bytes=[27]
2026-09-01T11:31:58.112399Z  WARN herdr::raw_input: flushing lone escape after input timeout; if this follows an alt chord or focus switch it may reach the pane as plain esc bytes=[27]
2026-09-01T11:33:33.500821Z  WARN herdr::raw_input: flushing lone escape after input timeout; if this follows an alt chord or focus switch it may reach the pane as plain esc bytes=[27]
2026-09-01T11:38:25.826720Z  WARN herdr::raw_input: flushing lone escape after input timeout; if this follows an alt chord or focus switch it may reach the pane as plain esc bytes=[27]
2026-09-01T11:38:25.827066Z  WARN herdr::raw_input: flushing lone escape after input timeout; if this follows an alt chord or focus switch it may reach the pane as plain esc bytes=[27]
2026-09-01T12:30:10.270074Z  WARN herdr::raw_input: flushing lone escape after input timeout; if this follows an alt chord or focus switch it may reach the pane as plain esc bytes=[27]
2026-09-01T12:30:10.412550Z  WARN herdr::raw_input: flushing lone escape after input timeout; if this follows an alt chord or focus switch it may reach the pane as plain esc bytes=[27]
2026-09-01T13:02:19.703122Z  WARN herdr::raw_input: flushing lone escape after input timeout; if this follows an alt chord or focus switch it may reach the pane as plain esc bytes=[27]
2026-09-01T13:02:19.705176Z  WARN herdr::raw_input: flushing lone escape after input timeout; if this follows an alt chord or focus switch it may reach the pane as plain esc bytes=[27]
2026-09-01T17:04:48.031229Z  WARN herdr::raw_input: flushing lone escape after input timeout; if this follows an alt chord or focus switch it may reach the pane as plain esc bytes=[27]
2026-09-01T17:04:48.031459Z  WARN herdr::raw_input: flushing lone escape after input timeout; if this follows an alt chord or focus switch it may reach the pane as plain esc bytes=[27]
2026-09-01T17:43:02.316518Z  INFO herdr::logging: herdr exiting event="app.shutdown" subsystem="client" outcome="completed" pid=369
2026-09-02T07:50:12.489178Z  INFO herdr::logging: herdr starting event="app.startup" subsystem="client" outcome="started" pid=864
2026-09-02T07:50:12.490071Z  INFO herdr::client: connecting to server path=/home/jtw/.config/herdr/herdr-client.sock
2026-09-02T07:50:12.492644Z  INFO herdr::client: handshake succeeded version=20 encoding=SemanticFrame
2026-09-03T10:05:05.830004Z  INFO herdr::logging: herdr exiting event="app.shutdown" subsystem="client" outcome="completed" pid=864
2026-09-03T10:05:41.292991Z  INFO herdr::logging: herdr starting event="app.startup" subsystem="client" outcome="started" pid=2773553
2026-09-03T10:05:41.293027Z  INFO herdr::client: connecting to server path=/home/jtw/.config/herdr/herdr-client.sock
2026-09-03T10:05:41.300179Z  INFO herdr::client: handshake succeeded version=20 encoding=SemanticFrame
2026-09-03T10:07:15.934094Z  INFO herdr::logging: herdr starting event="app.startup" subsystem="client" outcome="started" pid=306
2026-09-03T10:07:15.934821Z  INFO herdr::client: connecting to server path=/home/jtw/.config/herdr/herdr-client.sock
2026-09-03T10:07:15.942095Z  INFO herdr::client: handshake succeeded version=20 encoding=SemanticFrame
2026-09-03T11:08:05.398346Z  WARN herdr::raw_input: flushing lone escape after input timeout; if this follows an alt chord or focus switch it may reach the pane as plain esc bytes=[27]
2026-09-03T11:08:05.553413Z  WARN herdr::raw_input: flushing lone escape after input timeout; if this follows an alt chord or focus switch it may reach the pane as plain esc bytes=[27]
2026-09-03T11:08:05.553614Z  WARN herdr::raw_input: flushing lone escape after input timeout; if this follows an alt chord or focus switch it may reach the pane as plain esc bytes=[27]
2026-09-03T12:23:26.002893Z  INFO herdr::logging: herdr exiting event="app.shutdown" subsystem="client" outcome="completed" pid=306
2026-09-03T12:23:46.805443Z  INFO herdr::logging: herdr starting event="app.startup" subsystem="client" outcome="started" pid=455455
2026-09-03T12:23:46.805485Z  INFO herdr::client: connecting to server path=/home/jtw/.config/herdr/herdr-client.sock
2026-09-03T12:23:46.816913Z  INFO herdr::client: handshake succeeded version=20 encoding=SemanticFrame
2026-09-03T12:25:43.193344Z  INFO herdr::logging: herdr starting event="app.startup" subsystem="client" outcome="started" pid=305
2026-09-03T12:25:43.196261Z  INFO herdr::client: connecting to server path=/home/jtw/.config/herdr/herdr-client.sock
2026-09-03T12:25:43.222052Z  INFO herdr::client: handshake succeeded version=20 encoding=SemanticFrame
2026-09-03T16:20:25.972447Z  WARN herdr::raw_input: flushing lone escape after input timeout; if this follows an alt chord or focus switch it may reach the pane as plain esc bytes=[27]
2026-09-03T16:20:26.030329Z  WARN herdr::raw_input: flushing lone escape after input timeout; if this follows an alt chord or focus switch it may reach the pane as plain esc bytes=[27]
2026-09-03T16:20:26.190663Z  WARN herdr::raw_input: flushing lone escape after input timeout; if this follows an alt chord or focus switch it may reach the pane as plain esc bytes=[27]
2026-09-03T16:20:26.190832Z  WARN herdr::raw_input: flushing lone escape after input timeout; if this follows an alt chord or focus switch it may reach the pane as plain esc bytes=[27]
2026-09-04T07:47:49.261874Z  WARN herdr::raw_input: flushing lone escape after input timeout; if this follows an alt chord or focus switch it may reach the pane as plain esc bytes=[27]
2026-09-04T11:49:22.008012Z  WARN herdr::raw_input: flushing lone escape after input timeout; if this follows an alt chord or focus switch it may reach the pane as plain esc bytes=[27]
2026-09-04T11:49:22.012472Z  WARN herdr::raw_input: flushing lone escape after input timeout; if this follows an alt chord or focus switch it may reach the pane as plain esc bytes=[27]
2026-09-04T11:49:22.468655Z  WARN herdr::raw_input: flushing lone escape after input timeout; if this follows an alt chord or focus switch it may reach the pane as plain esc bytes=[27]
2026-09-04T11:49:22.468915Z  WARN herdr::raw_input: flushing lone escape after input timeout; if this follows an alt chord or focus switch it may reach the pane as plain esc bytes=[27]
2026-09-04T11:49:22.646684Z  WARN herdr::raw_input: flushing lone escape after input timeout; if this follows an alt chord or focus switch it may reach the pane as plain esc bytes=[27]
2026-09-04T11:49:22.646752Z  WARN herdr::raw_input: flushing lone escape after input timeout; if this follows an alt chord or focus switch it may reach the pane as plain esc bytes=[27]
2026-09-04T14:21:33.628516Z  INFO herdr::logging: herdr exiting event="app.shutdown" subsystem="client" outcome="completed" pid=305
2026-09-04T14:23:41.496840Z  INFO herdr::logging: herdr starting event="app.startup" subsystem="client" outcome="started" pid=448
2026-09-04T14:23:41.497464Z  INFO herdr::client: connecting to server path=/home/jtw/.config/herdr/herdr-client.sock
2026-09-04T14:23:41.505889Z  INFO herdr::client: handshake succeeded version=20 encoding=SemanticFrame
2026-09-04T17:27:29.435846Z  INFO herdr::logging: herdr exiting event="app.shutdown" subsystem="client" outcome="completed" pid=448
2026-09-07T08:13:24.832450Z  INFO herdr::logging: herdr starting event="app.startup" subsystem="client" outcome="started" pid=1985
2026-09-07T08:13:24.833006Z  INFO herdr::client: connecting to server path=/home/jtw/.config/herdr/herdr-client.sock
2026-09-07T08:13:24.841284Z  INFO herdr::client: handshake succeeded version=20 encoding=SemanticFrame
2026-09-07T08:32:53.089244Z  WARN herdr::raw_input: flushing lone escape after input timeout; if this follows an alt chord or focus switch it may reach the pane as plain esc bytes=[27]
2026-09-07T08:53:51.441897Z  WARN herdr::raw_input: flushing lone escape after input timeout; if this follows an alt chord or focus switch it may reach the pane as plain esc bytes=[27]
2026-09-07T08:53:51.445298Z  WARN herdr::raw_input: flushing lone escape after input timeout; if this follows an alt chord or focus switch it may reach the pane as plain esc bytes=[27]
2026-09-07T08:53:54.564723Z  WARN herdr::raw_input: flushing lone escape after input timeout; if this follows an alt chord or focus switch it may reach the pane as plain esc bytes=[27]
2026-09-07T08:53:54.564882Z  WARN herdr::raw_input: flushing lone escape after input timeout; if this follows an alt chord or focus switch it may reach the pane as plain esc bytes=[27]
2026-09-07T08:53:54.770917Z  WARN herdr::raw_input: flushing lone escape after input timeout; if this follows an alt chord or focus switch it may reach the pane as plain esc bytes=[27]
2026-09-07T08:53:54.771051Z  WARN herdr::raw_input: flushing lone escape after input timeout; if this follows an alt chord or focus switch it may reach the pane as plain esc bytes=[27]
2026-09-07T14:20:21.863404Z  WARN herdr::raw_input: flushing lone escape after input timeout; if this follows an alt chord or focus switch it may reach the pane as plain esc bytes=[27]
2026-09-07T14:20:21.864614Z  WARN herdr::raw_input: flushing lone escape after input timeout; if this follows an alt chord or focus switch it may reach the pane as plain esc bytes=[27]
2026-09-08T09:22:39.474939Z  WARN herdr::raw_input: flushing lone escape after input timeout; if this follows an alt chord or focus switch it may reach the pane as plain esc bytes=[27]
2026-09-08T09:22:39.476260Z  WARN herdr::raw_input: flushing lone escape after input timeout; if this follows an alt chord or focus switch it may reach the pane as plain esc bytes=[27]
2026-09-08T09:22:41.553533Z  WARN herdr::raw_input: flushing lone escape after input timeout; if this follows an alt chord or focus switch it may reach the pane as plain esc bytes=[27]
2026-09-08T09:22:41.553644Z  WARN herdr::raw_input: flushing lone escape after input timeout; if this follows an alt chord or focus switch it may reach the pane as plain esc bytes=[27]
2026-09-08T10:29:50.728250Z  WARN herdr::raw_input: flushing lone escape after input timeout; if this follows an alt chord or focus switch it may reach the pane as plain esc bytes=[27]
2026-09-08T10:29:51.047160Z  WARN herdr::raw_input: flushing lone escape after input timeout; if this follows an alt chord or focus switch it may reach the pane as plain esc bytes=[27]
2026-09-08T10:29:51.095276Z  WARN herdr::raw_input: flushing lone escape after input timeout; if this follows an alt chord or focus switch it may reach the pane as plain esc bytes=[27]
2026-09-08T10:29:51.287094Z  WARN herdr::raw_input: flushing lone escape after input timeout; if this follows an alt chord or focus switch it may reach the pane as plain esc bytes=[27]
2026-09-08T11:03:01.546438Z  WARN herdr::raw_input: flushing lone escape after input timeout; if this follows an alt chord or focus switch it may reach the pane as plain esc bytes=[27]
2026-09-08T11:03:01.546739Z  WARN herdr::raw_input: flushing lone escape after input timeout; if this follows an alt chord or focus switch it may reach the pane as plain esc bytes=[27]
2026-09-08T11:31:38.766057Z  WARN herdr::raw_input: flushing lone escape after input timeout; if this follows an alt chord or focus switch it may reach the pane as plain esc bytes=[27]
2026-09-08T11:31:38.767689Z  WARN herdr::raw_input: flushing lone escape after input timeout; if this follows an alt chord or focus switch it may reach the pane as plain esc bytes=[27]
2026-09-08T12:28:08.754435Z  WARN herdr::raw_input: flushing lone escape after input timeout; if this follows an alt chord or focus switch it may reach the pane as plain esc bytes=[27]
2026-09-08T12:28:08.914641Z  WARN herdr::raw_input: flushing lone escape after input timeout; if this follows an alt chord or focus switch it may reach the pane as plain esc bytes=[27]
2026-09-08T12:28:08.914805Z  WARN herdr::raw_input: flushing lone escape after input timeout; if this follows an alt chord or focus switch it may reach the pane as plain esc bytes=[27]
2026-09-08T12:28:09.173979Z  WARN herdr::raw_input: flushing lone escape after input timeout; if this follows an alt chord or focus switch it may reach the pane as plain esc bytes=[27]
2026-09-08T12:28:09.174130Z  WARN herdr::raw_input: flushing lone escape after input timeout; if this follows an alt chord or focus switch it may reach the pane as plain esc bytes=[27]
2026-09-09T14:00:28.234446Z  WARN herdr::raw_input: flushing lone escape after input timeout; if this follows an alt chord or focus switch it may reach the pane as plain esc bytes=[27]
2026-09-09T14:00:28.236245Z  WARN herdr::raw_input: flushing lone escape after input timeout; if this follows an alt chord or focus switch it may reach the pane as plain esc bytes=[27]
2026-09-09T16:12:08.847812Z  WARN herdr::raw_input: flushing lone escape after input timeout; if this follows an alt chord or focus switch it may reach the pane as plain esc bytes=[27]
2026-09-09T16:12:08.851426Z  WARN herdr::raw_input: flushing lone escape after input timeout; if this follows an alt chord or focus switch it may reach the pane as plain esc bytes=[27]
2026-09-09T16:12:09.457366Z  WARN herdr::raw_input: flushing lone escape after input timeout; if this follows an alt chord or focus switch it may reach the pane as plain esc bytes=[27]
2026-09-09T16:12:09.457519Z  WARN herdr::raw_input: flushing lone escape after input timeout; if this follows an alt chord or focus switch it may reach the pane as plain esc bytes=[27]
2026-09-09T16:12:09.794600Z  WARN herdr::raw_input: flushing lone escape after input timeout; if this follows an alt chord or focus switch it may reach the pane as plain esc bytes=[27]
2026-09-09T16:12:09.794752Z  WARN herdr::raw_input: flushing lone escape after input timeout; if this follows an alt chord or focus switch it may reach the pane as plain esc bytes=[27]
2026-09-10T11:17:37.762623Z  WARN herdr::raw_input: flushing lone escape after input timeout; if this follows an alt chord or focus switch it may reach the pane as plain esc bytes=[27]
2026-09-10T12:09:10.967720Z  WARN herdr::raw_input: flushing lone escape after input timeout; if this follows an alt chord or focus switch it may reach the pane as plain esc bytes=[27]
2026-09-10T12:09:10.968132Z  WARN herdr::raw_input: flushing lone escape after input timeout; if this follows an alt chord or focus switch it may reach the pane as plain esc bytes=[27]
2026-09-10T12:09:11.238917Z  WARN herdr::raw_input: flushing lone escape after input timeout; if this follows an alt chord or focus switch it may reach the pane as plain esc bytes=[27]
2026-09-10T12:09:11.239000Z  WARN herdr::raw_input: flushing lone escape after input timeout; if this follows an alt chord or focus switch it may reach the pane as plain esc bytes=[27]
2026-09-10T12:16:24.074289Z  WARN herdr::raw_input: flushing lone escape after input timeout; if this follows an alt chord or focus switch it may reach the pane as plain esc bytes=[27]
2026-09-10T12:16:24.074446Z  WARN herdr::raw_input: flushing lone escape after input timeout; if this follows an alt chord or focus switch it may reach the pane as plain esc bytes=[27]
2026-09-12T00:28:13.698555Z  INFO herdr::logging: herdr exiting event="app.shutdown" subsystem="client" outcome="completed" pid=1985
2026-09-12T08:07:40.635298Z  INFO herdr::logging: herdr starting event="app.startup" subsystem="client" outcome="started" pid=458
2026-09-12T08:07:40.636601Z  INFO herdr::client: connecting to server path=/home/jtw/.config/herdr/herdr-client.sock
2026-09-12T08:07:40.651643Z  INFO herdr::client: handshake succeeded version=20 encoding=SemanticFrame
2026-09-12T09:17:04.883005Z  INFO herdr::logging: herdr exiting event="app.shutdown" subsystem="client" outcome="completed" pid=458
2026-09-12T09:17:16.087569Z  INFO herdr::logging: herdr starting event="app.startup" subsystem="client" outcome="started" pid=353722
2026-09-12T09:17:16.087592Z  INFO herdr::client: connecting to server path=/home/jtw/.config/herdr/herdr-client.sock
2026-09-12T09:17:16.095040Z  INFO herdr::client::handshake: endpoint handshake succeeded generation=1 server_version=0.9.0
2026-09-12T09:49:31.453753Z  WARN herdr::raw_input: flushing lone escape after input timeout; if this follows an alt chord or focus switch it may reach the pane as plain esc bytes=[27]
2026-09-12T09:49:31.454074Z  WARN herdr::raw_input: flushing lone escape after input timeout; if this follows an alt chord or focus switch it may reach the pane as plain esc bytes=[27]
2026-09-12T09:49:31.454104Z  WARN herdr::raw_input: flushing lone escape after input timeout; if this follows an alt chord or focus switch it may reach the pane as plain esc bytes=[27]
2026-09-12T10:40:23.745956Z  WARN herdr::raw_input: flushing lone escape after input timeout; if this follows an alt chord or focus switch it may reach the pane as plain esc bytes=[27]
2026-09-12T10:40:23.746063Z  WARN herdr::raw_input: flushing lone escape after input timeout; if this follows an alt chord or focus switch it may reach the pane as plain esc bytes=[27]
2026-09-12T10:45:58.831022Z  WARN herdr::raw_input: flushing lone escape after input timeout; if this follows an alt chord or focus switch it may reach the pane as plain esc bytes=[27]
2026-09-12T10:45:58.831185Z  WARN herdr::raw_input: flushing lone escape after input timeout; if this follows an alt chord or focus switch it may reach the pane as plain esc bytes=[27]
2026-09-12T10:45:58.831210Z  WARN herdr::raw_input: flushing lone escape after input timeout; if this follows an alt chord or focus switch it may reach the pane as plain esc bytes=[27]
2026-09-12T10:45:59.229777Z  WARN herdr::raw_input: flushing lone escape after input timeout; if this follows an alt chord or focus switch it may reach the pane as plain esc bytes=[27]
2026-09-12T10:45:59.229928Z  WARN herdr::raw_input: flushing lone escape after input timeout; if this follows an alt chord or focus switch it may reach the pane as plain esc bytes=[27]
2026-09-12T10:45:59.229979Z  WARN herdr::raw_input: flushing lone escape after input timeout; if this follows an alt chord or focus switch it may reach the pane as plain esc bytes=[27]
2026-09-12T10:54:24.546491Z  WARN herdr::raw_input: flushing lone escape after input timeout; if this follows an alt chord or focus switch it may reach the pane as plain esc bytes=[27]
2026-09-12T10:54:24.546538Z  WARN herdr::raw_input: flushing lone escape after input timeout; if this follows an alt chord or focus switch it may reach the pane as plain esc bytes=[27]
2026-09-12T10:54:24.994343Z  WARN herdr::raw_input: flushing lone escape after input timeout; if this follows an alt chord or focus switch it may reach the pane as plain esc bytes=[27]
2026-09-12T10:54:24.994387Z  WARN herdr::raw_input: flushing lone escape after input timeout; if this follows an alt chord or focus switch it may reach the pane as plain esc bytes=[27]
2026-09-12T11:30:56.616429Z  WARN herdr::raw_input: flushing lone escape after input timeout; if this follows an alt chord or focus switch it may reach the pane as plain esc bytes=[27]
2026-09-12T11:30:56.616703Z  WARN herdr::raw_input: flushing lone escape after input timeout; if this follows an alt chord or focus switch it may reach the pane as plain esc bytes=[27]
2026-09-12T11:30:56.616739Z  WARN herdr::raw_input: flushing lone escape after input timeout; if this follows an alt chord or focus switch it may reach the pane as plain esc bytes=[27]
2026-09-12T11:30:57.161119Z  WARN herdr::raw_input: flushing lone escape after input timeout; if this follows an alt chord or focus switch it may reach the pane as plain esc bytes=[27]
2026-09-12T11:30:57.161267Z  WARN herdr::raw_input: flushing lone escape after input timeout; if this follows an alt chord or focus switch it may reach the pane as plain esc bytes=[27]
2026-09-12T11:30:57.161282Z  WARN herdr::raw_input: flushing lone escape after input timeout; if this follows an alt chord or focus switch it may reach the pane as plain esc bytes=[27]
2026-09-12T14:12:31.135845Z  WARN herdr::raw_input: flushing lone escape after input timeout; if this follows an alt chord or focus switch it may reach the pane as plain esc bytes=[27]
2026-09-12T14:12:31.136107Z  WARN herdr::raw_input: flushing lone escape after input timeout; if this follows an alt chord or focus switch it may reach the pane as plain esc bytes=[27]
2026-09-12T14:12:31.136150Z  WARN herdr::raw_input: flushing lone escape after input timeout; if this follows an alt chord or focus switch it may reach the pane as plain esc bytes=[27]
2026-09-12T14:12:31.641568Z  WARN herdr::raw_input: flushing lone escape after input timeout; if this follows an alt chord or focus switch it may reach the pane as plain esc bytes=[27]
2026-09-12T14:12:31.641672Z  WARN herdr::raw_input: flushing lone escape after input timeout; if this follows an alt chord or focus switch it may reach the pane as plain esc bytes=[27]
2026-09-12T14:12:31.641693Z  WARN herdr::raw_input: flushing lone escape after input timeout; if this follows an alt chord or focus switch it may reach the pane as plain esc bytes=[27]
2026-09-13T09:45:26.393132Z  WARN herdr::raw_input: flushing lone escape after input timeout; if this follows an alt chord or focus switch it may reach the pane as plain esc bytes=[27]
2026-09-13T09:45:26.394232Z  WARN herdr::raw_input: flushing lone escape after input timeout; if this follows an alt chord or focus switch it may reach the pane as plain esc bytes=[27]
2026-09-13T09:48:56.708864Z  WARN herdr::raw_input: flushing lone escape after input timeout; if this follows an alt chord or focus switch it may reach the pane as plain esc bytes=[27]
2026-09-13T09:48:56.709107Z  WARN herdr::raw_input: flushing lone escape after input timeout; if this follows an alt chord or focus switch it may reach the pane as plain esc bytes=[27]
2026-09-13T09:48:56.709181Z  WARN herdr::raw_input: flushing lone escape after input timeout; if this follows an alt chord or focus switch it may reach the pane as plain esc bytes=[27]
2026-09-13T09:48:56.905961Z  WARN herdr::raw_input: flushing lone escape after input timeout; if this follows an alt chord or focus switch it may reach the pane as plain esc bytes=[27]
2026-09-13T09:48:56.906176Z  WARN herdr::raw_input: flushing lone escape after input timeout; if this follows an alt chord or focus switch it may reach the pane as plain esc bytes=[27]
2026-09-13T09:48:56.906252Z  WARN herdr::raw_input: flushing lone escape after input timeout; if this follows an alt chord or focus switch it may reach the pane as plain esc bytes=[27]
2026-09-13T10:07:16.757651Z  WARN herdr::raw_input: flushing lone escape after input timeout; if this follows an alt chord or focus switch it may reach the pane as plain esc bytes=[27]
2026-09-13T10:07:16.757788Z  WARN herdr::raw_input: flushing lone escape after input timeout; if this follows an alt chord or focus switch it may reach the pane as plain esc bytes=[27]
2026-09-13T10:07:16.757803Z  WARN herdr::raw_input: flushing lone escape after input timeout; if this follows an alt chord or focus switch it may reach the pane as plain esc bytes=[27]
2026-09-13T10:07:17.327274Z  WARN herdr::raw_input: flushing lone escape after input timeout; if this follows an alt chord or focus switch it may reach the pane as plain esc bytes=[27]
2026-09-13T10:07:17.327407Z  WARN herdr::raw_input: flushing lone escape after input timeout; if this follows an alt chord or focus switch it may reach the pane as plain esc bytes=[27]
2026-09-13T10:07:17.327468Z  WARN herdr::raw_input: flushing lone escape after input timeout; if this follows an alt chord or focus switch it may reach the pane as plain esc bytes=[27]
2026-09-13T11:00:28.610635Z  WARN herdr::raw_input: flushing lone escape after input timeout; if this follows an alt chord or focus switch it may reach the pane as plain esc bytes=[27]
2026-09-13T11:00:28.610859Z  WARN herdr::raw_input: flushing lone escape after input timeout; if this follows an alt chord or focus switch it may reach the pane as plain esc bytes=[27]
2026-09-13T11:00:28.610889Z  WARN herdr::raw_input: flushing lone escape after input timeout; if this follows an alt chord or focus switch it may reach the pane as plain esc bytes=[27]
2026-09-13T11:00:30.843914Z  WARN herdr::raw_input: flushing lone escape after input timeout; if this follows an alt chord or focus switch it may reach the pane as plain esc bytes=[27]
2026-09-13T11:00:30.844016Z  WARN herdr::raw_input: flushing lone escape after input timeout; if this follows an alt chord or focus switch it may reach the pane as plain esc bytes=[27]
2026-09-13T11:00:30.844044Z  WARN herdr::raw_input: flushing lone escape after input timeout; if this follows an alt chord or focus switch it may reach the pane as plain esc bytes=[27]
2026-09-13T11:00:31.607647Z  WARN herdr::raw_input: flushing lone escape after input timeout; if this follows an alt chord or focus switch it may reach the pane as plain esc bytes=[27]
2026-09-13T11:00:31.607749Z  WARN herdr::raw_input: flushing lone escape after input timeout; if this follows an alt chord or focus switch it may reach the pane as plain esc bytes=[27]
2026-09-13T11:00:31.607763Z  WARN herdr::raw_input: flushing lone escape after input timeout; if this follows an alt chord or focus switch it may reach the pane as plain esc bytes=[27]
2026-09-13T11:00:31.810941Z  WARN herdr::raw_input: flushing lone escape after input timeout; if this follows an alt chord or focus switch it may reach the pane as plain esc bytes=[27]
2026-09-13T11:00:31.811124Z  WARN herdr::raw_input: flushing lone escape after input timeout; if this follows an alt chord or focus switch it may reach the pane as plain esc bytes=[27]
2026-09-13T11:00:31.811161Z  WARN herdr::raw_input: flushing lone escape after input timeout; if this follows an alt chord or focus switch it may reach the pane as plain esc bytes=[27]
2026-09-13T11:01:58.262197Z  WARN herdr::raw_input: flushing lone escape after input timeout; if this follows an alt chord or focus switch it may reach the pane as plain esc bytes=[27]
2026-09-13T11:01:58.262280Z  WARN herdr::raw_input: flushing lone escape after input timeout; if this follows an alt chord or focus switch it may reach the pane as plain esc bytes=[27]
2026-09-13T11:01:58.262299Z  WARN herdr::raw_input: flushing lone escape after input timeout; if this follows an alt chord or focus switch it may reach the pane as plain esc bytes=[27]
2026-09-13T11:01:58.480422Z  WARN herdr::raw_input: flushing lone escape after input timeout; if this follows an alt chord or focus switch it may reach the pane as plain esc bytes=[27]
2026-09-13T11:01:58.480581Z  WARN herdr::raw_input: flushing lone escape after input timeout; if this follows an alt chord or focus switch it may reach the pane as plain esc bytes=[27]
2026-09-13T11:01:58.480630Z  WARN herdr::raw_input: flushing lone escape after input timeout; if this follows an alt chord or focus switch it may reach the pane as plain esc bytes=[27]
2026-09-13T11:01:58.754998Z  WARN herdr::raw_input: flushing lone escape after input timeout; if this follows an alt chord or focus switch it may reach the pane as plain esc bytes=[27]
2026-09-13T11:01:58.755084Z  WARN herdr::raw_input: flushing lone escape after input timeout; if this follows an alt chord or focus switch it may reach the pane as plain esc bytes=[27]
2026-09-13T11:01:58.755104Z  WARN herdr::raw_input: flushing lone escape after input timeout; if this follows an alt chord or focus switch it may reach the pane as plain esc bytes=[27]
2026-09-13T11:01:58.992141Z  WARN herdr::raw_input: flushing lone escape after input timeout; if this follows an alt chord or focus switch it may reach the pane as plain esc bytes=[27]
2026-09-13T11:01:58.992221Z  WARN herdr::raw_input: flushing lone escape after input timeout; if this follows an alt chord or focus switch it may reach the pane as plain esc bytes=[27]
2026-09-13T11:01:58.992236Z  WARN herdr::raw_input: flushing lone escape after input timeout; if this follows an alt chord or focus switch it may reach the pane as plain esc bytes=[27]
2026-09-13T11:01:59.565635Z  WARN herdr::raw_input: flushing lone escape after input timeout; if this follows an alt chord or focus switch it may reach the pane as plain esc bytes=[27]
2026-09-13T11:01:59.565743Z  WARN herdr::raw_input: flushing lone escape after input timeout; if this follows an alt chord or focus switch it may reach the pane as plain esc bytes=[27]
2026-09-13T11:01:59.565760Z  WARN herdr::raw_input: flushing lone escape after input timeout; if this follows an alt chord or focus switch it may reach the pane as plain esc bytes=[27]
2026-09-13T11:57:45.143688Z  WARN herdr::raw_input: flushing lone escape after input timeout; if this follows an alt chord or focus switch it may reach the pane as plain esc bytes=[27]
2026-09-13T11:57:45.143990Z  WARN herdr::raw_input: flushing lone escape after input timeout; if this follows an alt chord or focus switch it may reach the pane as plain esc bytes=[27]
2026-09-13T11:57:45.144007Z  WARN herdr::raw_input: flushing lone escape after input timeout; if this follows an alt chord or focus switch it may reach the pane as plain esc bytes=[27]
2026-09-13T11:57:45.321302Z  WARN herdr::raw_input: flushing lone escape after input timeout; if this follows an alt chord or focus switch it may reach the pane as plain esc bytes=[27]
2026-09-13T11:57:45.321388Z  WARN herdr::raw_input: flushing lone escape after input timeout; if this follows an alt chord or focus switch it may reach the pane as plain esc bytes=[27]
2026-09-13T11:57:45.321397Z  WARN herdr::raw_input: flushing lone escape after input timeout; if this follows an alt chord or focus switch it may reach the pane as plain esc bytes=[27]
2026-09-13T15:13:26.983069Z  WARN herdr::raw_input: flushing lone escape after input timeout; if this follows an alt chord or focus switch it may reach the pane as plain esc bytes=[27]
2026-09-13T15:13:26.984493Z  WARN herdr::raw_input: flushing lone escape after input timeout; if this follows an alt chord or focus switch it may reach the pane as plain esc bytes=[27]
2026-09-13T15:13:26.984515Z  WARN herdr::raw_input: flushing lone escape after input timeout; if this follows an alt chord or focus switch it may reach the pane as plain esc bytes=[27]
2026-09-13T15:13:27.336288Z  WARN herdr::raw_input: flushing lone escape after input timeout; if this follows an alt chord or focus switch it may reach the pane as plain esc bytes=[27]
2026-09-13T15:13:27.336372Z  WARN herdr::raw_input: flushing lone escape after input timeout; if this follows an alt chord or focus switch it may reach the pane as plain esc bytes=[27]
2026-09-13T15:13:27.336392Z  WARN herdr::raw_input: flushing lone escape after input timeout; if this follows an alt chord or focus switch it may reach the pane as plain esc bytes=[27]
2026-09-13T15:13:27.681199Z  WARN herdr::raw_input: flushing lone escape after input timeout; if this follows an alt chord or focus switch it may reach the pane as plain esc bytes=[27]
2026-09-13T15:13:27.681291Z  WARN herdr::raw_input: flushing lone escape after input timeout; if this follows an alt chord or focus switch it may reach the pane as plain esc bytes=[27]
2026-09-13T15:13:27.681344Z  WARN herdr::raw_input: flushing lone escape after input timeout; if this follows an alt chord or focus switch it may reach the pane as plain esc bytes=[27]
2026-09-13T16:06:25.267481Z  WARN herdr::raw_input: flushing lone escape after input timeout; if this follows an alt chord or focus switch it may reach the pane as plain esc bytes=[27]
2026-09-13T16:06:25.267774Z  WARN herdr::raw_input: flushing lone escape after input timeout; if this follows an alt chord or focus switch it may reach the pane as plain esc bytes=[27]
2026-09-13T16:06:25.267911Z  WARN herdr::raw_input: flushing lone escape after input timeout; if this follows an alt chord or focus switch it may reach the pane as plain esc bytes=[27]
2026-09-13T16:06:25.420932Z  WARN herdr::raw_input: flushing lone escape after input timeout; if this follows an alt chord or focus switch it may reach the pane as plain esc bytes=[27]
2026-09-13T16:06:25.421050Z  WARN herdr::raw_input: flushing lone escape after input timeout; if this follows an alt chord or focus switch it may reach the pane as plain esc bytes=[27]
2026-09-13T16:06:25.421070Z  WARN herdr::raw_input: flushing lone escape after input timeout; if this follows an alt chord or focus switch it may reach the pane as plain esc bytes=[27]
2026-09-13T16:06:27.191064Z  WARN herdr::raw_input: flushing lone escape after input timeout; if this follows an alt chord or focus switch it may reach the pane as plain esc bytes=[27]
2026-09-13T16:06:27.191307Z  WARN herdr::raw_input: flushing lone escape after input timeout; if this follows an alt chord or focus switch it may reach the pane as plain esc bytes=[27]
2026-09-13T16:06:27.191323Z  WARN herdr::raw_input: flushing lone escape after input timeout; if this follows an alt chord or focus switch it may reach the pane as plain esc bytes=[27]
2026-09-13T16:06:27.416895Z  WARN herdr::raw_input: flushing lone escape after input timeout; if this follows an alt chord or focus switch it may reach the pane as plain esc bytes=[27]
2026-09-13T16:06:27.417341Z  WARN herdr::raw_input: flushing lone escape after input timeout; if this follows an alt chord or focus switch it may reach the pane as plain esc bytes=[27]
2026-09-13T16:06:27.417400Z  WARN herdr::raw_input: flushing lone escape after input timeout; if this follows an alt chord or focus switch it may reach the pane as plain esc bytes=[27]
2026-09-14T16:34:46.328008Z  WARN herdr::raw_input: flushing lone escape after input timeout; if this follows an alt chord or focus switch it may reach the pane as plain esc bytes=[27]
2026-09-14T16:34:46.333173Z  WARN herdr::raw_input: flushing lone escape after input timeout; if this follows an alt chord or focus switch it may reach the pane as plain esc bytes=[27]
2026-09-14T16:34:46.333202Z  WARN herdr::raw_input: flushing lone escape after input timeout; if this follows an alt chord or focus switch it may reach the pane as plain esc bytes=[27]
2026-09-14T16:34:46.656209Z  WARN herdr::raw_input: flushing lone escape after input timeout; if this follows an alt chord or focus switch it may reach the pane as plain esc bytes=[27]
2026-09-14T16:34:46.656398Z  WARN herdr::raw_input: flushing lone escape after input timeout; if this follows an alt chord or focus switch it may reach the pane as plain esc bytes=[27]
2026-09-14T16:34:46.656430Z  WARN herdr::raw_input: flushing lone escape after input timeout; if this follows an alt chord or focus switch it may reach the pane as plain esc bytes=[27]
2026-09-14T16:34:46.912046Z  WARN herdr::raw_input: flushing lone escape after input timeout; if this follows an alt chord or focus switch it may reach the pane as plain esc bytes=[27]
2026-09-14T16:34:46.912146Z  WARN herdr::raw_input: flushing lone escape after input timeout; if this follows an alt chord or focus switch it may reach the pane as plain esc bytes=[27]
2026-09-14T16:34:46.912158Z  WARN herdr::raw_input: flushing lone escape after input timeout; if this follows an alt chord or focus switch it may reach the pane as plain esc bytes=[27]
2026-09-14T16:34:47.181885Z  WARN herdr::raw_input: flushing lone escape after input timeout; if this follows an alt chord or focus switch it may reach the pane as plain esc bytes=[27]
2026-09-14T16:34:47.182048Z  WARN herdr::raw_input: flushing lone escape after input timeout; if this follows an alt chord or focus switch it may reach the pane as plain esc bytes=[27]
2026-09-14T16:34:47.182066Z  WARN herdr::raw_input: flushing lone escape after input timeout; if this follows an alt chord or focus switch it may reach the pane as plain esc bytes=[27]
2026-09-14T16:35:03.680793Z  WARN herdr::raw_input: flushing lone escape after input timeout; if this follows an alt chord or focus switch it may reach the pane as plain esc bytes=[27]
2026-09-14T16:35:03.680894Z  WARN herdr::raw_input: flushing lone escape after input timeout; if this follows an alt chord or focus switch it may reach the pane as plain esc bytes=[27]
2026-09-14T16:35:03.680915Z  WARN herdr::raw_input: flushing lone escape after input timeout; if this follows an alt chord or focus switch it may reach the pane as plain esc bytes=[27]
2026-09-14T16:35:05.336973Z  WARN herdr::raw_input: flushing lone escape after input timeout; if this follows an alt chord or focus switch it may reach the pane as plain esc bytes=[27]
2026-09-14T16:35:05.337041Z  WARN herdr::raw_input: flushing lone escape after input timeout; if this follows an alt chord or focus switch it may reach the pane as plain esc bytes=[27]
2026-09-14T16:35:05.337062Z  WARN herdr::raw_input: flushing lone escape after input timeout; if this follows an alt chord or focus switch it may reach the pane as plain esc bytes=[27]
2026-09-14T16:35:05.786760Z  WARN herdr::raw_input: flushing lone escape after input timeout; if this follows an alt chord or focus switch it may reach the pane as plain esc bytes=[27]
2026-09-14T16:35:05.786832Z  WARN herdr::raw_input: flushing lone escape after input timeout; if this follows an alt chord or focus switch it may reach the pane as plain esc bytes=[27]
2026-09-14T16:35:05.786842Z  WARN herdr::raw_input: flushing lone escape after input timeout; if this follows an alt chord or focus switch it may reach the pane as plain esc bytes=[27]
2026-09-14T16:35:06.320345Z  WARN herdr::raw_input: flushing lone escape after input timeout; if this follows an alt chord or focus switch it may reach the pane as plain esc bytes=[27]
2026-09-14T16:35:06.320428Z  WARN herdr::raw_input: flushing lone escape after input timeout; if this follows an alt chord or focus switch it may reach the pane as plain esc bytes=[27]
2026-09-14T16:35:06.320437Z  WARN herdr::raw_input: flushing lone escape after input timeout; if this follows an alt chord or focus switch it may reach the pane as plain esc bytes=[27]
2026-09-14T17:11:20.237840Z  WARN herdr::raw_input: flushing lone escape after input timeout; if this follows an alt chord or focus switch it may reach the pane as plain esc bytes=[27]
2026-09-14T17:11:20.237933Z  WARN herdr::raw_input: flushing lone escape after input timeout; if this follows an alt chord or focus switch it may reach the pane as plain esc bytes=[27]
2026-09-14T17:11:20.536254Z  WARN herdr::raw_input: flushing lone escape after input timeout; if this follows an alt chord or focus switch it may reach the pane as plain esc bytes=[27]
2026-09-14T17:11:20.536407Z  WARN herdr::raw_input: flushing lone escape after input timeout; if this follows an alt chord or focus switch it may reach the pane as plain esc bytes=[27]
2026-09-14T17:11:20.536419Z  WARN herdr::raw_input: flushing lone escape after input timeout; if this follows an alt chord or focus switch it may reach the pane as plain esc bytes=[27]
2026-09-14T21:01:48.886288Z  WARN herdr::raw_input: flushing lone escape after input timeout; if this follows an alt chord or focus switch it may reach the pane as plain esc bytes=[27]
2026-09-14T21:01:48.887591Z  WARN herdr::raw_input: flushing lone escape after input timeout; if this follows an alt chord or focus switch it may reach the pane as plain esc bytes=[27]
2026-09-14T21:01:48.887826Z  WARN herdr::raw_input: flushing lone escape after input timeout; if this follows an alt chord or focus switch it may reach the pane as plain esc bytes=[27]
2026-09-15T10:34:43.457739Z  INFO herdr::logging: herdr exiting event="app.shutdown" subsystem="client" outcome="completed" pid=353722
2026-09-15T10:34:47.847344Z  INFO herdr::logging: herdr starting event="app.startup" subsystem="client" outcome="started" pid=1024897
2026-09-15T10:34:47.847379Z  INFO herdr::client: connecting to server path=/home/jtw/.config/herdr/herdr-client.sock
2026-09-15T10:34:47.862292Z  INFO herdr::client::handshake: endpoint handshake succeeded generation=1 server_version=0.9.0
2026-09-15T18:03:47.402055Z  WARN herdr::raw_input: flushing lone escape after input timeout; if this follows an alt chord or focus switch it may reach the pane as plain esc bytes=[27]
2026-09-15T18:03:47.403827Z  WARN herdr::raw_input: flushing lone escape after input timeout; if this follows an alt chord or focus switch it may reach the pane as plain esc bytes=[27]
2026-09-15T18:03:47.557306Z  WARN herdr::raw_input: flushing lone escape after input timeout; if this follows an alt chord or focus switch it may reach the pane as plain esc bytes=[27]
2026-09-15T18:03:47.557484Z  WARN herdr::raw_input: flushing lone escape after input timeout; if this follows an alt chord or focus switch it may reach the pane as plain esc bytes=[27]
2026-09-15T18:03:47.557493Z  WARN herdr::raw_input: flushing lone escape after input timeout; if this follows an alt chord or focus switch it may reach the pane as plain esc bytes=[27]
2026-09-15T18:03:47.727488Z  WARN herdr::raw_input: flushing lone escape after input timeout; if this follows an alt chord or focus switch it may reach the pane as plain esc bytes=[27]
2026-09-15T18:03:47.727593Z  WARN herdr::raw_input: flushing lone escape after input timeout; if this follows an alt chord or focus switch it may reach the pane as plain esc bytes=[27]
2026-09-15T18:03:47.727616Z  WARN herdr::raw_input: flushing lone escape after input timeout; if this follows an alt chord or focus switch it may reach the pane as plain esc bytes=[27]
2026-09-15T18:03:47.968596Z  WARN herdr::raw_input: flushing lone escape after input timeout; if this follows an alt chord or focus switch it may reach the pane as plain esc bytes=[27]
2026-09-15T18:03:47.968686Z  WARN herdr::raw_input: flushing lone escape after input timeout; if this follows an alt chord or focus switch it may reach the pane as plain esc bytes=[27]
2026-09-15T18:03:47.968698Z  WARN herdr::raw_input: flushing lone escape after input timeout; if this follows an alt chord or focus switch it may reach the pane as plain esc bytes=[27]
2026-09-16T13:33:59.088704Z  WARN herdr::raw_input: flushing lone escape after input timeout; if this follows an alt chord or focus switch it may reach the pane as plain esc bytes=[27]
2026-09-16T13:33:59.093567Z  WARN herdr::raw_input: flushing lone escape after input timeout; if this follows an alt chord or focus switch it may reach the pane as plain esc bytes=[27]
2026-09-16T13:33:59.093668Z  WARN herdr::raw_input: flushing lone escape after input timeout; if this follows an alt chord or focus switch it may reach the pane as plain esc bytes=[27]
2026-09-16T13:33:59.372277Z  WARN herdr::raw_input: flushing lone escape after input timeout; if this follows an alt chord or focus switch it may reach the pane as plain esc bytes=[27]
2026-09-16T13:33:59.372572Z  WARN herdr::raw_input: flushing lone escape after input timeout; if this follows an alt chord or focus switch it may reach the pane as plain esc bytes=[27]
2026-09-16T13:33:59.372702Z  WARN herdr::raw_input: flushing lone escape after input timeout; if this follows an alt chord or focus switch it may reach the pane as plain esc bytes=[27]
2026-09-16T13:33:59.693527Z  WARN herdr::raw_input: flushing lone escape after input timeout; if this follows an alt chord or focus switch it may reach the pane as plain esc bytes=[27]
2026-09-16T13:33:59.693743Z  WARN herdr::raw_input: flushing lone escape after input timeout; if this follows an alt chord or focus switch it may reach the pane as plain esc bytes=[27]
2026-09-16T13:33:59.695182Z  WARN herdr::raw_input: flushing lone escape after input timeout; if this follows an alt chord or focus switch it may reach the pane as plain esc bytes=[27]
2026-09-16T13:33:59.860529Z  WARN herdr::raw_input: flushing lone escape after input timeout; if this follows an alt chord or focus switch it may reach the pane as plain esc bytes=[27]
2026-09-16T13:33:59.860829Z  WARN herdr::raw_input: flushing lone escape after input timeout; if this follows an alt chord or focus switch it may reach the pane as plain esc bytes=[27]
2026-09-16T13:33:59.860862Z  WARN herdr::raw_input: flushing lone escape after input timeout; if this follows an alt chord or focus switch it may reach the pane as plain esc bytes=[27]
2026-09-16T14:30:59.472431Z  WARN herdr::raw_input: flushing lone escape after input timeout; if this follows an alt chord or focus switch it may reach the pane as plain esc bytes=[27]
2026-09-16T14:30:59.472784Z  WARN herdr::raw_input: flushing lone escape after input timeout; if this follows an alt chord or focus switch it may reach the pane as plain esc bytes=[27]
2026-09-16T14:30:59.472813Z  WARN herdr::raw_input: flushing lone escape after input timeout; if this follows an alt chord or focus switch it may reach the pane as plain esc bytes=[27]
2026-09-16T14:30:59.688047Z  WARN herdr::raw_input: flushing lone escape after input timeout; if this follows an alt chord or focus switch it may reach the pane as plain esc bytes=[27]
2026-09-16T14:30:59.688283Z  WARN herdr::raw_input: flushing lone escape after input timeout; if this follows an alt chord or focus switch it may reach the pane as plain esc bytes=[27]
2026-09-16T14:30:59.688315Z  WARN herdr::raw_input: flushing lone escape after input timeout; if this follows an alt chord or focus switch it may reach the pane as plain esc bytes=[27]
2026-09-16T17:17:13.401616Z  WARN herdr::raw_input: flushing lone escape after input timeout; if this follows an alt chord or focus switch it may reach the pane as plain esc bytes=[27]
2026-09-16T17:17:13.402253Z  WARN herdr::raw_input: flushing lone escape after input timeout; if this follows an alt chord or focus switch it may reach the pane as plain esc bytes=[27]
2026-09-16T17:17:13.402273Z  WARN herdr::raw_input: flushing lone escape after input timeout; if this follows an alt chord or focus switch it may reach the pane as plain esc bytes=[27]
2026-09-17T06:37:08.122209Z  WARN herdr::raw_input: flushing lone escape after input timeout; if this follows an alt chord or focus switch it may reach the pane as plain esc bytes=[27]
2026-09-17T06:37:08.125890Z  WARN herdr::raw_input: flushing lone escape after input timeout; if this follows an alt chord or focus switch it may reach the pane as plain esc bytes=[27]
2026-09-17T06:37:08.282501Z  WARN herdr::raw_input: flushing lone escape after input timeout; if this follows an alt chord or focus switch it may reach the pane as plain esc bytes=[27]
2026-09-17T06:37:08.282661Z  WARN herdr::raw_input: flushing lone escape after input timeout; if this follows an alt chord or focus switch it may reach the pane as plain esc bytes=[27]
2026-09-17T06:37:08.282706Z  WARN herdr::raw_input: flushing lone escape after input timeout; if this follows an alt chord or focus switch it may reach the pane as plain esc bytes=[27]
2026-09-17T06:37:08.466949Z  WARN herdr::raw_input: flushing lone escape after input timeout; if this follows an alt chord or focus switch it may reach the pane as plain esc bytes=[27]
2026-09-17T06:37:08.467039Z  WARN herdr::raw_input: flushing lone escape after input timeout; if this follows an alt chord or focus switch it may reach the pane as plain esc bytes=[27]
2026-09-17T06:37:08.467058Z  WARN herdr::raw_input: flushing lone escape after input timeout; if this follows an alt chord or focus switch it may reach the pane as plain esc bytes=[27]
2026-09-17T06:37:08.635275Z  WARN herdr::raw_input: flushing lone escape after input timeout; if this follows an alt chord or focus switch it may reach the pane as plain esc bytes=[27]
2026-09-17T06:37:08.635413Z  WARN herdr::raw_input: flushing lone escape after input timeout; if this follows an alt chord or focus switch it may reach the pane as plain esc bytes=[27]
2026-09-17T06:37:08.635433Z  WARN herdr::raw_input: flushing lone escape after input timeout; if this follows an alt chord or focus switch it may reach the pane as plain esc bytes=[27]
2026-09-17T06:37:09.362062Z  WARN herdr::raw_input: flushing lone escape after input timeout; if this follows an alt chord or focus switch it may reach the pane as plain esc bytes=[27]
2026-09-17T06:37:09.362154Z  WARN herdr::raw_input: flushing lone escape after input timeout; if this follows an alt chord or focus switch it may reach the pane as plain esc bytes=[27]
2026-09-17T06:37:09.362163Z  WARN herdr::raw_input: flushing lone escape after input timeout; if this follows an alt chord or focus switch it may reach the pane as plain esc bytes=[27]
2026-09-17T06:52:29.908998Z  INFO herdr::client: client terminal unavailable; detaching err=I/O error (os error 5)
2026-09-17T06:52:29.914016Z  INFO herdr::logging: herdr exiting event="app.shutdown" subsystem="client" outcome="completed" pid=1024897
2026-09-17T06:53:31.356742Z  INFO herdr::logging: herdr starting event="app.startup" subsystem="client" outcome="started" pid=694
2026-09-17T06:53:31.357266Z  INFO herdr::client: connecting to server path=/home/jtw/.config/herdr/herdr-client.sock
2026-09-17T06:53:31.372701Z  INFO herdr::client::handshake: endpoint handshake succeeded generation=1 server_version=0.9.0
2026-09-17T07:04:10.453743Z  INFO herdr::logging: herdr exiting event="app.shutdown" subsystem="client" outcome="completed" pid=694
2026-09-17T07:50:23.124469Z  INFO herdr::logging: herdr starting event="app.startup" subsystem="client" outcome="started" pid=3237
2026-09-17T07:50:23.125035Z  INFO herdr::client: connecting to server path=/home/jtw/.config/herdr/herdr-client.sock
2026-09-17T07:50:23.134068Z  INFO herdr::client::handshake: endpoint handshake succeeded generation=1 server_version=0.9.0
2026-09-17T07:54:40.179149Z  INFO herdr::logging: herdr exiting event="app.shutdown" subsystem="client" outcome="completed" pid=3237
2026-09-17T07:54:47.366464Z  INFO herdr::logging: herdr starting event="app.startup" subsystem="client" outcome="started" pid=11312
2026-09-17T07:54:47.366486Z  INFO herdr::client: connecting to server path=/home/jtw/.config/herdr/herdr-client.sock
2026-09-17T07:54:47.370687Z  INFO herdr::client::handshake: endpoint handshake succeeded generation=1 server_version=0.9.0
2026-09-17T10:12:20.651147Z  WARN herdr::raw_input: flushing lone escape after input timeout; if this follows an alt chord or focus switch it may reach the pane as plain esc bytes=[27]
2026-09-17T10:12:20.652370Z  WARN herdr::raw_input: flushing lone escape after input timeout; if this follows an alt chord or focus switch it may reach the pane as plain esc bytes=[27]
2026-09-17T10:12:20.652422Z  WARN herdr::raw_input: flushing lone escape after input timeout; if this follows an alt chord or focus switch it may reach the pane as plain esc bytes=[27]
2026-09-17T14:07:20.626849Z  WARN herdr::raw_input: flushing lone escape after input timeout; if this follows an alt chord or focus switch it may reach the pane as plain esc bytes=[27]
2026-09-17T14:07:20.630505Z  WARN herdr::raw_input: flushing lone escape after input timeout; if this follows an alt chord or focus switch it may reach the pane as plain esc bytes=[27]
2026-09-17T16:05:00.400518Z  WARN herdr::raw_input: flushing lone escape after input timeout; if this follows an alt chord or focus switch it may reach the pane as plain esc bytes=[27]
2026-09-17T16:05:00.401384Z  WARN herdr::raw_input: flushing lone escape after input timeout; if this follows an alt chord or focus switch it may reach the pane as plain esc bytes=[27]
2026-09-17T16:05:00.401679Z  WARN herdr::raw_input: flushing lone escape after input timeout; if this follows an alt chord or focus switch it may reach the pane as plain esc bytes=[27]
2026-09-17T16:05:00.688515Z  WARN herdr::raw_input: flushing lone escape after input timeout; if this follows an alt chord or focus switch it may reach the pane as plain esc bytes=[27]
2026-09-17T16:05:00.688713Z  WARN herdr::raw_input: flushing lone escape after input timeout; if this follows an alt chord or focus switch it may reach the pane as plain esc bytes=[27]
2026-09-17T16:05:00.688766Z  WARN herdr::raw_input: flushing lone escape after input timeout; if this follows an alt chord or focus switch it may reach the pane as plain esc bytes=[27]
2026-09-17T18:15:06.482176Z  INFO herdr::client: client terminal unavailable; detaching err=I/O error (os error 5)
2026-09-17T18:15:06.485159Z  INFO herdr::logging: herdr exiting event="app.shutdown" subsystem="client" outcome="completed" pid=11312
2026-09-17T18:22:09.939427Z  INFO herdr::logging: herdr starting event="app.startup" subsystem="client" outcome="started" pid=671
2026-09-17T18:22:09.940074Z  INFO herdr::client: connecting to server path=/home/jtw/.config/herdr/herdr-client.sock
2026-09-17T18:22:09.948616Z  INFO herdr::client::handshake: endpoint handshake succeeded generation=1 server_version=0.9.0
                                                                                                                                                                                                                                                       2026-09-18T06:19:43.992651Z  INFO herdr::logging: herdr starting event="app.startup" subsystem="client" outcome="started" pid=628
2026-09-18T06:19:43.995042Z  INFO herdr::client: connecting to server path=/home/jtw/.config/herdr/herdr-client.sock
2026-09-18T06:19:43.997692Z  INFO herdr::client::handshake: endpoint handshake succeeded generation=1 server_version=0.9.0
2026-09-18T06:31:53.264605Z  WARN herdr::raw_input: flushing lone escape after input timeout; if this follows an alt chord or focus switch it may reach the pane as plain esc bytes=[27]
2026-09-18T06:31:53.264728Z  WARN herdr::raw_input: flushing lone escape after input timeout; if this follows an alt chord or focus switch it may reach the pane as plain esc bytes=[27]
2026-09-18T07:02:28.863553Z  WARN herdr::raw_input: flushing lone escape after input timeout; if this follows an alt chord or focus switch it may reach the pane as plain esc bytes=[27]
2026-09-18T07:02:28.863681Z  WARN herdr::raw_input: flushing lone escape after input timeout; if this follows an alt chord or focus switch it may reach the pane as plain esc bytes=[27]
2026-09-18T07:02:29.023793Z  WARN herdr::raw_input: flushing lone escape after input timeout; if this follows an alt chord or focus switch it may reach the pane as plain esc bytes=[27]
2026-09-18T07:02:29.023924Z  WARN herdr::raw_input: flushing lone escape after input timeout; if this follows an alt chord or focus switch it may reach the pane as plain esc bytes=[27]
2026-09-18T07:02:29.023961Z  WARN herdr::raw_input: flushing lone escape after input timeout; if this follows an alt chord or focus switch it may reach the pane as plain esc bytes=[27]
2026-09-18T11:31:49.471347Z  WARN herdr::raw_input: flushing lone escape after input timeout; if this follows an alt chord or focus switch it may reach the pane as plain esc bytes=[27]
2026-09-18T11:31:49.473897Z  WARN herdr::raw_input: flushing lone escape after input timeout; if this follows an alt chord or focus switch it may reach the pane as plain esc bytes=[27]
2026-09-18T11:31:49.473970Z  WARN herdr::raw_input: flushing lone escape after input timeout; if this follows an alt chord or focus switch it may reach the pane as plain esc bytes=[27]
2026-09-18T18:59:09.823208Z  INFO herdr::client: client terminal unavailable; detaching err=I/O error (os error 5)
2026-09-18T18:59:09.839193Z  INFO herdr::logging: herdr exiting event="app.shutdown" subsystem="client" outcome="completed" pid=628
